{
  "type": "FeatureCollection",
  "features": [
    {
      "type": "Feature",
      "geometry": {
        "type": "MultiPolygon",
        "coordinates": [
          [
            [
              [
                1.4905192,
                44.54380427
              ],
              [
                1.49056926,
                44.54382503
              ],
              [
                1.49053872,
                44.5438654
              ],
              [
                1.49063293,
                44.54390172
              ],
              [
                1.4906439,
                44.54389628
              ],
              [
                1.49066323,
                44.5439033
              ],
              [
                1.4906958,
                44.54385765
              ],
              [
                1.49070189,
                44.54385575
              ],
              [
                1.4907134,
                44.54385861
              ],
              [
                1.49071749,
                44.54385623
              ],
              [
                1.49071271,
                44.54385157
              ],
              [
                1.49072809,
                44.5438318
              ],
              [
                1.49072859,
                44.54381803
              ],
              [
                1.49071993,
                44.54381206
              ],
              [
                1.49069006,
                44.54379904
              ],
              [
                1.49069323,
                44.5437935
              ],
              [
                1.49057419,
                44.54374902
              ],
              [
                1.49056384,
                44.543745
              ],
              [
                1.4905192,
                44.54380427
              ]
            ]
          ]
        ]
      },
      "properties": {
        "name": "Église Saint-Pierre-aux-Liens (Francoulès)",
        "kind": "MH",
        "source": "Base Merimee (ministere de la Culture), data.gouv.fr dataset immeubles-proteges-au-titre-des-monuments-historiques-2, ressource 3a52af4a-f9da-4dcc-8110-b07774dfb3bc, via tabular-api.data.gouv.fr, extrait 2026-09-27 ; geometrie GPU data.geopf.fr wfs_sup:assiette_sup_s",
        "description": "[FAIT] 1977/03/25 : inscrit MH. Immeuble inscrit MH : le proprietaire doit aviser l'autorite administrative au moins 4 mois avant tout travail (declaration, pas autorisation) ; accord de l'ABF requis si le projet est par ailleurs soumis a permis/declaration prealable d'urbanisme (art. L621-27 code du patrimoine). Geometrie officielle de l'assiette protegee (GPU AC1_Eglise-paroissiale-Saint-Firmin-Saint-Pierre-aux-Liens-IZD3FV_mh), remplace le point Merimee (rendu invisible sur la carte, non cliquable). Source Merimee : https://pop.culture.gouv.fr/notice/merimee/PA00095093 — dans l'environnement large (hors emprise d'etude 7x7km).",
        "ref": "PA00095093"
      },
      "id": "mh-01"
    },
    {
      "type": "Feature",
      "geometry": {
        "type": "MultiPolygon",
        "coordinates": [
          [
            [
              [
                1.48704809,
                44.55921528
              ],
              [
                1.48713386,
                44.55917269
              ],
              [
                1.48715542,
                44.55919514
              ],
              [
                1.48720746,
                44.55916596
              ],
              [
                1.48718601,
                44.55914397
              ],
              [
                1.48723236,
                44.55912047
              ],
              [
                1.48723429,
                44.55910483
              ],
              [
                1.4872081,
                44.5590762
              ],
              [
                1.48721779,
                44.55906733
              ],
              [
                1.48720612,
                44.55905609
              ],
              [
                1.48719024,
                44.55906605
              ],
              [
                1.48717403,
                44.5590552
              ],
              [
                1.48706296,
                44.55911167
              ],
              [
                1.48700946,
                44.55913876
              ],
              [
                1.48703254,
                44.55916122
              ],
              [
                1.48700363,
                44.55917766
              ],
              [
                1.48704809,
                44.55921528
              ]
            ]
          ]
        ]
      },
      "properties": {
        "name": "Église Saint-Pierre-Liversou (Francoulès)",
        "kind": "MH",
        "source": "Base Merimee (ministere de la Culture), data.gouv.fr dataset immeubles-proteges-au-titre-des-monuments-historiques-2, ressource 3a52af4a-f9da-4dcc-8110-b07774dfb3bc, via tabular-api.data.gouv.fr, extrait 2026-09-27 ; geometrie GPU data.geopf.fr wfs_sup:assiette_sup_s",
        "description": "[FAIT] 1976/11/29 : classe MH. Immeuble classe MH : toute modification ou tout travail soumis a autorisation prealable de l'autorite administrative (art. L621-9 code du patrimoine). Geometrie officielle de l'assiette protegee (GPU AC1_Eglise-paroissiale-Saint-Pierre-es-Liens-Saint-Pierre-de-Liversou-I37FG9_mh), remplace le point Merimee (rendu invisible sur la carte, non cliquable). Source Merimee : https://pop.culture.gouv.fr/notice/merimee/PA00095094 — dans l'environnement large (hors emprise d'etude 7x7km).",
        "ref": "PA00095094"
      },
      "id": "mh-02"
    },
    {
      "type": "Feature",
      "geometry": {
        "type": "MultiPolygon",
        "coordinates": [
          [
            [
              [
                1.52392603,
                44.60349523
              ],
              [
                1.52403922,
                44.60353329
              ],
              [
                1.52405319,
                44.60350998
              ],
              [
                1.52409746,
                44.60352318
              ],
              [
                1.52414112,
                44.60345839
              ],
              [
                1.52409367,
                44.60344146
              ],
              [
                1.52410983,
                44.60341655
              ],
              [
                1.52399693,
                44.60338164
              ],
              [
                1.52392603,
                44.60349523
              ]
            ]
          ]
        ]
      },
      "properties": {
        "name": "Église de Puycalvel (Lamothe-Cassel)",
        "kind": "MH",
        "source": "Base Merimee (ministere de la Culture), data.gouv.fr dataset immeubles-proteges-au-titre-des-monuments-historiques-2, ressource 3a52af4a-f9da-4dcc-8110-b07774dfb3bc, via tabular-api.data.gouv.fr, extrait 2026-09-27 ; geometrie GPU data.geopf.fr wfs_sup:assiette_sup_s",
        "description": "[FAIT] 1927/06/28 : inscrit MH. Immeuble inscrit MH : le proprietaire doit aviser l'autorite administrative au moins 4 mois avant tout travail (declaration, pas autorisation) ; accord de l'ABF requis si le projet est par ailleurs soumis a permis/declaration prealable d'urbanisme (art. L621-27 code du patrimoine). Geometrie officielle de l'assiette protegee (GPU AC1_Eglise-paroissiale-Saint-Vit--IDNGTH_mh), remplace le point Merimee (rendu invisible sur la carte, non cliquable). Source Merimee : https://pop.culture.gouv.fr/notice/merimee/PA00095121 — DANS l'emprise d'etude 7x7km.",
        "ref": "PA00095121"
      },
      "id": "mh-03"
    },
    {
      "type": "Feature",
      "geometry": {
        "type": "MultiPolygon",
        "coordinates": [
          [
            [
              [
                1.53247052,
                44.67370398
              ],
              [
                1.53238227,
                44.67365734
              ],
              [
                1.53238788,
                44.67365039
              ],
              [
                1.53240542,
                44.67365503
              ],
              [
                1.53242602,
                44.67364927
              ],
              [
                1.53243436,
                44.67363426
              ],
              [
                1.53243078,
                44.67362124
              ],
              [
                1.53241611,
                44.67361285
              ],
              [
                1.53241952,
                44.67360317
              ],
              [
                1.53233922,
                44.67357095
              ],
              [
                1.53202449,
                44.67352779
              ],
              [
                1.53200215,
                44.67351309
              ],
              [
                1.53193796,
                44.67356509
              ],
              [
                1.53184628,
                44.67354316
              ],
              [
                1.53180372,
                44.67363156
              ],
              [
                1.53192406,
                44.67365756
              ],
              [
                1.53176155,
                44.67400549
              ],
              [
                1.53171646,
                44.67406973
              ],
              [
                1.53168021,
                44.67407105
              ],
              [
                1.53166256,
                44.67408477
              ],
              [
                1.53165855,
                44.67410335
              ],
              [
                1.53166771,
                44.674115
              ],
              [
                1.53168519,
                44.67412694
              ],
              [
                1.53171225,
                44.67412496
              ],
              [
                1.53173341,
                44.67411677
              ],
              [
                1.53174302,
                44.67409646
              ],
              [
                1.53212158,
                44.67406808
              ],
              [
                1.53239867,
                44.67404996
              ],
              [
                1.53241205,
                44.674074
              ],
              [
                1.5324318,
                44.67408588
              ],
              [
                1.53245831,
                44.67408551
              ],
              [
                1.53247765,
                44.67407469
              ],
              [
                1.53248678,
                44.67406338
              ],
              [
                1.53248377,
                44.67404812
              ],
              [
                1.5324747,
                44.67403765
              ],
              [
                1.53246532,
                44.67403455
              ],
              [
                1.53243998,
                44.67394633
              ],
              [
                1.53237763,
                44.67395154
              ],
              [
                1.53237378,
                44.67392519
              ],
              [
                1.53238387,
                44.6738234
              ],
              [
                1.53247052,
                44.67370398
              ]
            ]
          ]
        ]
      },
      "properties": {
        "name": "Château (Vaillac)",
        "kind": "MH",
        "source": "Base Merimee (ministere de la Culture), data.gouv.fr dataset immeubles-proteges-au-titre-des-monuments-historiques-2, ressource 3a52af4a-f9da-4dcc-8110-b07774dfb3bc, via tabular-api.data.gouv.fr, extrait 2026-09-27 ; geometrie GPU data.geopf.fr wfs_sup:assiette_sup_s",
        "description": "[FAIT] 1958/12/16 : classe MH. Immeuble classe MH : toute modification ou tout travail soumis a autorisation prealable de l'autorite administrative (art. L621-9 code du patrimoine). Geometrie officielle de l'assiette protegee (GPU AC1_Chateau-de-Vaillac-IAZZ8U_mh), remplace le point Merimee (rendu invisible sur la carte, non cliquable). Source Merimee : https://pop.culture.gouv.fr/notice/merimee/PA00095277 — dans l'environnement large (hors emprise d'etude 7x7km).",
        "ref": "PA00095277"
      },
      "id": "mh-04"
    },
    {
      "type": "Feature",
      "geometry": {
        "type": "MultiPolygon",
        "coordinates": [
          [
            [
              [
                1.54609695,
                44.69939815
              ],
              [
                1.54613422,
                44.69940675
              ],
              [
                1.54612934,
                44.69942001
              ],
              [
                1.54614663,
                44.6994251
              ],
              [
                1.54614071,
                44.69944384
              ],
              [
                1.54622216,
                44.69946274
              ],
              [
                1.54624079,
                44.69943066
              ],
              [
                1.54627158,
                44.69943133
              ],
              [
                1.54629488,
                44.69942839
              ],
              [
                1.54630856,
                44.69942191
              ],
              [
                1.54632032,
                44.69941135
              ],
              [
                1.5463245,
                44.69939619
              ],
              [
                1.54632029,
                44.6993883
              ],
              [
                1.54630662,
                44.69937957
              ],
              [
                1.54631823,
                44.69934073
              ],
              [
                1.54618249,
                44.69931238
              ],
              [
                1.54617285,
                44.69933846
              ],
              [
                1.54612197,
                44.69933374
              ],
              [
                1.54609695,
                44.69939815
              ]
            ]
          ]
        ]
      },
      "properties": {
        "name": "Église Saint-Martin (Séniergues)",
        "kind": "MH",
        "source": "Base Merimee (ministere de la Culture), data.gouv.fr dataset immeubles-proteges-au-titre-des-monuments-historiques-2, ressource 3a52af4a-f9da-4dcc-8110-b07774dfb3bc, via tabular-api.data.gouv.fr, extrait 2026-09-27 ; geometrie GPU data.geopf.fr wfs_sup:assiette_sup_s",
        "description": "[FAIT] 1974/08/07 : classe MH. Immeuble classe MH : toute modification ou tout travail soumis a autorisation prealable de l'autorite administrative (art. L621-9 code du patrimoine). Geometrie officielle de l'assiette protegee (GPU AC1_Eglise-paroissiale-Saint-Martin-IDA9QJ_mh), remplace le point Merimee (rendu invisible sur la carte, non cliquable). Source Merimee : https://pop.culture.gouv.fr/notice/merimee/PA00095259 — dans l'environnement large (hors emprise d'etude 7x7km).",
        "ref": "PA00095259"
      },
      "id": "mh-05"
    },
    {
      "type": "Feature",
      "geometry": {
        "type": "MultiPolygon",
        "coordinates": [
          [
            [
              [
                1.56216568,
                44.68847245
              ],
              [
                1.56216026,
                44.68845257
              ],
              [
                1.56224834,
                44.68843867
              ],
              [
                1.56231707,
                44.68842633
              ],
              [
                1.56232588,
                44.68842725
              ],
              [
                1.56234508,
                44.68843165
              ],
              [
                1.56234116,
                44.68841692
              ],
              [
                1.5623331,
                44.68841627
              ],
              [
                1.56232603,
                44.68839142
              ],
              [
                1.56233541,
                44.6883901
              ],
              [
                1.56233244,
                44.68837791
              ],
              [
                1.56232474,
                44.68837799
              ],
              [
                1.56231722,
                44.68835583
              ],
              [
                1.56232624,
                44.68835387
              ],
              [
                1.56232303,
                44.68834609
              ],
              [
                1.56231543,
                44.68834707
              ],
              [
                1.56231253,
                44.68833199
              ],
              [
                1.56232053,
                44.6883303
              ],
              [
                1.56231637,
                44.68831989
              ],
              [
                1.56230764,
                44.68832086
              ],
              [
                1.56230346,
                44.68829685
              ],
              [
                1.56231537,
                44.68828989
              ],
              [
                1.56230744,
                44.68828421
              ],
              [
                1.56220592,
                44.6883054
              ],
              [
                1.56219617,
                44.68828699
              ],
              [
                1.56218947,
                44.68826746
              ],
              [
                1.56210465,
                44.68828238
              ],
              [
                1.56210575,
                44.68829356
              ],
              [
                1.56199832,
                44.68830891
              ],
              [
                1.56200691,
                44.68833352
              ],
              [
                1.56199726,
                44.68833564
              ],
              [
                1.56200119,
                44.6883447
              ],
              [
                1.56201126,
                44.68834105
              ],
              [
                1.56203751,
                44.68842009
              ],
              [
                1.56207638,
                44.68842032
              ],
              [
                1.56209191,
                44.68848463
              ],
              [
                1.56216568,
                44.68847245
              ]
            ]
          ]
        ]
      },
      "properties": {
        "name": "Église (Montfaucon)",
        "kind": "MH",
        "source": "Base Merimee (ministere de la Culture), data.gouv.fr dataset immeubles-proteges-au-titre-des-monuments-historiques-2, ressource 3a52af4a-f9da-4dcc-8110-b07774dfb3bc, via tabular-api.data.gouv.fr, extrait 2026-09-27 ; geometrie GPU data.geopf.fr wfs_sup:assiette_sup_s",
        "description": "[FAIT] 1936/02/11 : classe MH. Immeuble classe MH : toute modification ou tout travail soumis a autorisation prealable de l'autorite administrative (art. L621-9 code du patrimoine). Geometrie officielle de l'assiette protegee (GPU AC1_Eglise-paroissiale-Saint-Barthelemy-I5CXR2_mh), remplace le point Merimee (rendu invisible sur la carte, non cliquable). Source Merimee : https://pop.culture.gouv.fr/notice/merimee/PA00095178 — dans l'environnement large (hors emprise d'etude 7x7km).",
        "ref": "PA00095178"
      },
      "id": "mh-06"
    },
    {
      "type": "Feature",
      "geometry": {
        "type": "MultiPolygon",
        "coordinates": [
          [
            [
              [
                1.5586387,
                44.58066078
              ],
              [
                1.5586945,
                44.58066115
              ],
              [
                1.55869336,
                44.58069103
              ],
              [
                1.55876426,
                44.58069213
              ],
              [
                1.55876377,
                44.58070113
              ],
              [
                1.5588385,
                44.58070534
              ],
              [
                1.55883889,
                44.5806705
              ],
              [
                1.5589328,
                44.58067317
              ],
              [
                1.55893662,
                44.58067655
              ],
              [
                1.55894423,
                44.58067953
              ],
              [
                1.55894955,
                44.58067357
              ],
              [
                1.55893962,
                44.58066768
              ],
              [
                1.55894387,
                44.58062938
              ],
              [
                1.55901317,
                44.58062425
              ],
              [
                1.5590079,
                44.58058375
              ],
              [
                1.55894974,
                44.58058227
              ],
              [
                1.5589442,
                44.58058706
              ],
              [
                1.55885898,
                44.58058415
              ],
              [
                1.55885789,
                44.58056261
              ],
              [
                1.55877386,
                44.58056278
              ],
              [
                1.55877483,
                44.58058881
              ],
              [
                1.55876472,
                44.58058535
              ],
              [
                1.55875682,
                44.58059362
              ],
              [
                1.55876379,
                44.58059704
              ],
              [
                1.55875272,
                44.58061121
              ],
              [
                1.55872655,
                44.58060988
              ],
              [
                1.55872631,
                44.58058476
              ],
              [
                1.55865789,
                44.58058513
              ],
              [
                1.55865675,
                44.58060978
              ],
              [
                1.55861634,
                44.58060889
              ],
              [
                1.5586207,
                44.58066018
              ],
              [
                1.5586387,
                44.58066078
              ]
            ]
          ]
        ]
      },
      "properties": {
        "name": "Église Saint-Martin (Saint-Martin-de-Vers)",
        "kind": "MH",
        "source": "Base Merimee (ministere de la Culture), data.gouv.fr dataset immeubles-proteges-au-titre-des-monuments-historiques-2, ressource 3a52af4a-f9da-4dcc-8110-b07774dfb3bc, via tabular-api.data.gouv.fr, extrait 2026-09-27 ; geometrie GPU data.geopf.fr wfs_sup:assiette_sup_s",
        "description": "[FAIT] 1979/04/23 : inscrit MH. Immeuble inscrit MH : le proprietaire doit aviser l'autorite administrative au moins 4 mois avant tout travail (declaration, pas autorisation) ; accord de l'ABF requis si le projet est par ailleurs soumis a permis/declaration prealable d'urbanisme (art. L621-27 code du patrimoine). Geometrie officielle de l'assiette protegee (GPU AC1_Eglise-Saint-Martin-IG36JF_mh), remplace le point Merimee (rendu invisible sur la carte, non cliquable). Source Merimee : https://pop.culture.gouv.fr/notice/merimee/PA00095245 — dans l'environnement large (hors emprise d'etude 7x7km).",
        "ref": "PA00095245"
      },
      "id": "mh-07"
    },
    {
      "type": "Feature",
      "geometry": {
        "type": "MultiPolygon",
        "coordinates": [
          [
            [
              [
                1.49332898,
                44.70266125
              ],
              [
                1.49332663,
                44.70281758
              ],
              [
                1.49343623,
                44.70281842
              ],
              [
                1.49343858,
                44.70266209
              ],
              [
                1.49332898,
                44.70266125
              ]
            ]
          ]
        ]
      },
      "properties": {
        "name": "Dolmen des Fosses (Soucirac)",
        "kind": "MH",
        "source": "Base Merimee (ministere de la Culture), data.gouv.fr dataset immeubles-proteges-au-titre-des-monuments-historiques-2, ressource 3a52af4a-f9da-4dcc-8110-b07774dfb3bc, via tabular-api.data.gouv.fr, extrait 2026-09-27 ; geometrie GPU data.geopf.fr wfs_sup:assiette_sup_s",
        "description": "[FAIT] 1989/07/12 : classe MH. Immeuble classe MH : toute modification ou tout travail soumis a autorisation prealable de l'autorite administrative (art. L621-9 code du patrimoine). Geometrie officielle de l'assiette protegee (GPU AC1_Dolmen-des-Fosses-IQ2BYK_mh), remplace le point Merimee (rendu invisible sur la carte, non cliquable). Source Merimee : https://pop.culture.gouv.fr/notice/merimee/PA00095261 — dans l'environnement large (hors emprise d'etude 7x7km).",
        "ref": "PA00095261"
      },
      "id": "mh-08"
    },
    {
      "type": "Feature",
      "geometry": {
        "type": "MultiPolygon",
        "coordinates": [
          [
            [
              [
                1.59503882,
                44.63245985
              ],
              [
                1.59495772,
                44.6324355
              ],
              [
                1.59485784,
                44.63240559
              ],
              [
                1.59483613,
                44.63245205
              ],
              [
                1.5948108,
                44.63244642
              ],
              [
                1.59478452,
                44.63248867
              ],
              [
                1.59479591,
                44.63249224
              ],
              [
                1.59479766,
                44.63249262
              ],
              [
                1.59479955,
                44.632493
              ],
              [
                1.59480344,
                44.6324935
              ],
              [
                1.59480533,
                44.63249362
              ],
              [
                1.59480735,
                44.63249355
              ],
              [
                1.59481127,
                44.63249324
              ],
              [
                1.59481317,
                44.632493
              ],
              [
                1.59481684,
                44.63249223
              ],
              [
                1.59481875,
                44.63249172
              ],
              [
                1.59482397,
                44.63248971
              ],
              [
                1.59482704,
                44.63248795
              ],
              [
                1.59482973,
                44.632486
              ],
              [
                1.59483218,
                44.63248378
              ],
              [
                1.59483426,
                44.63248129
              ],
              [
                1.5948429,
                44.63246879
              ],
              [
                1.59490466,
                44.63248984
              ],
              [
                1.59487185,
                44.63253669
              ],
              [
                1.59486217,
                44.63255062
              ],
              [
                1.59484832,
                44.63254584
              ],
              [
                1.59485233,
                44.63254058
              ],
              [
                1.5948498,
                44.63253947
              ],
              [
                1.59485193,
                44.63253644
              ],
              [
                1.5948408,
                44.63253261
              ],
              [
                1.59483923,
                44.63253482
              ],
              [
                1.59483736,
                44.632534
              ],
              [
                1.59483311,
                44.63254051
              ],
              [
                1.59476652,
                44.63251771
              ],
              [
                1.5947544,
                44.63251341
              ],
              [
                1.59472315,
                44.63255829
              ],
              [
                1.59472314,
                44.6325583
              ],
              [
                1.59472314,
                44.6325583
              ],
              [
                1.59472314,
                44.6325583
              ],
              [
                1.59472316,
                44.63255831
              ],
              [
                1.59478732,
                44.63258397
              ],
              [
                1.59477824,
                44.63259889
              ],
              [
                1.5947874,
                44.63260188
              ],
              [
                1.59478869,
                44.6326047
              ],
              [
                1.59479286,
                44.63260366
              ],
              [
                1.59481152,
                44.63260976
              ],
              [
                1.59480102,
                44.63262601
              ],
              [
                1.59481326,
                44.63262995
              ],
              [
                1.59480845,
                44.63263682
              ],
              [
                1.59486858,
                44.63265758
              ],
              [
                1.59491996,
                44.63267534
              ],
              [
                1.59491604,
                44.63268096
              ],
              [
                1.59495867,
                44.63269573
              ],
              [
                1.59497979,
                44.63266568
              ],
              [
                1.59499472,
                44.63267115
              ],
              [
                1.59500078,
                44.63268086
              ],
              [
                1.59500462,
                44.63268388
              ],
              [
                1.59501445,
                44.63268086
              ],
              [
                1.59501871,
                44.63269019
              ],
              [
                1.59503013,
                44.63268727
              ],
              [
                1.59502462,
                44.63267541
              ],
              [
                1.59506059,
                44.63262373
              ],
              [
                1.59507744,
                44.63262034
              ],
              [
                1.59507896,
                44.63262009
              ],
              [
                1.59507589,
                44.63261186
              ],
              [
                1.59506062,
                44.63261498
              ],
              [
                1.59505387,
                44.632605
              ],
              [
                1.59503682,
                44.63260885
              ],
              [
                1.59503287,
                44.63260753
              ],
              [
                1.5949946,
                44.6325948
              ],
              [
                1.59499446,
                44.63259325
              ],
              [
                1.59500791,
                44.63257192
              ],
              [
                1.59500757,
                44.63257183
              ],
              [
                1.59501045,
                44.63257123
              ],
              [
                1.59500761,
                44.6325639
              ],
              [
                1.59499052,
                44.63256741
              ],
              [
                1.59498122,
                44.632565
              ],
              [
                1.59498037,
                44.6325647
              ],
              [
                1.59497011,
                44.63256054
              ],
              [
                1.59500135,
                44.6325215
              ],
              [
                1.59503882,
                44.63245985
              ]
            ]
          ]
        ]
      },
      "properties": {
        "name": "Église et presbytère (Soulomès)",
        "kind": "MH",
        "source": "Base Merimee (ministere de la Culture), data.gouv.fr dataset immeubles-proteges-au-titre-des-monuments-historiques-2, ressource 3a52af4a-f9da-4dcc-8110-b07774dfb3bc, via tabular-api.data.gouv.fr, extrait 2026-09-27 ; geometrie GPU data.geopf.fr wfs_sup:assiette_sup_s",
        "description": "[FAIT] Presbytere : inscrit MH par arrete du 29/07/1925 ; Eglise : classee MH par arrete du 28/10/1944. Immeuble protege partiellement classe MH, partiellement inscrit MH : regime classe (autorisation prealable, art. L621-9) pour les parties classees, regime inscrit (declaration 4 mois avant, art. L621-27) pour les parties inscrites. Geometrie officielle de l'assiette protegee (GPU AC1_Eglise-Ste-Madeleine-et-son-presbytere-I7X41I_mh), remplace le point Merimee (rendu invisible sur la carte, non cliquable). Source Merimee : https://pop.culture.gouv.fr/notice/merimee/PA00095266 — dans l'environnement large (hors emprise d'etude 7x7km).",
        "ref": "PA00095266"
      },
      "id": "mh-09"
    },
    {
      "type": "Feature",
      "geometry": {
        "type": "MultiPolygon",
        "coordinates": [
          [
            [
              [
                1.56315354,
                44.64295161
              ],
              [
                1.56359153,
                44.64283925
              ],
              [
                1.56407402,
                44.64270757
              ],
              [
                1.56292124,
                44.64108608
              ],
              [
                1.56117466,
                44.63863962
              ],
              [
                1.56075959,
                44.638063
              ],
              [
                1.56072817,
                44.63806835
              ],
              [
                1.56063317,
                44.63807999
              ],
              [
                1.5605251,
                44.63809929
              ],
              [
                1.5596628,
                44.63878342
              ],
              [
                1.55893948,
                44.63933851
              ],
              [
                1.55887266,
                44.63936249
              ],
              [
                1.55807584,
                44.63957108
              ],
              [
                1.55766238,
                44.63968652
              ],
              [
                1.55731093,
                44.63978812
              ],
              [
                1.55720218,
                44.63981973
              ],
              [
                1.55679182,
                44.63992773
              ],
              [
                1.55675357,
                44.63995353
              ],
              [
                1.55679536,
                44.64026228
              ],
              [
                1.556857,
                44.64059831
              ],
              [
                1.55696002,
                44.64121978
              ],
              [
                1.55697094,
                44.64127611
              ],
              [
                1.55703885,
                44.64133795
              ],
              [
                1.55719492,
                44.64145839
              ],
              [
                1.55725508,
                44.64150065
              ],
              [
                1.5573758,
                44.64158546
              ],
              [
                1.55764624,
                44.64176655
              ],
              [
                1.55802845,
                44.64197196
              ],
              [
                1.55818953,
                44.64205852
              ],
              [
                1.5584722,
                44.64216081
              ],
              [
                1.55870154,
                44.64224231
              ],
              [
                1.55880889,
                44.64228222
              ],
              [
                1.5593522,
                44.64248418
              ],
              [
                1.55961492,
                44.64256747
              ],
              [
                1.56004339,
                44.64268938
              ],
              [
                1.56024562,
                44.64273649
              ],
              [
                1.56038567,
                44.64276416
              ],
              [
                1.56051123,
                44.64278596
              ],
              [
                1.56084815,
                44.64281394
              ],
              [
                1.56105927,
                44.64283875
              ],
              [
                1.561274,
                44.64288035
              ],
              [
                1.56215095,
                44.64299332
              ],
              [
                1.56258698,
                44.64305635
              ],
              [
                1.56271353,
                44.64306916
              ],
              [
                1.56288579,
                44.64302574
              ],
              [
                1.5629056,
                44.6430549
              ],
              [
                1.56296363,
                44.64303972
              ],
              [
                1.56295148,
                44.64301174
              ],
              [
                1.56309405,
                44.64297469
              ],
              [
                1.56310314,
                44.64298931
              ],
              [
                1.56316279,
                44.64296964
              ],
              [
                1.56315354,
                44.64295161
              ]
            ]
          ]
        ]
      },
      "properties": {
        "name": "Château (Labastide-Murat)",
        "kind": "MH",
        "source": "Base Merimee (ministere de la Culture), data.gouv.fr dataset immeubles-proteges-au-titre-des-monuments-historiques-2, ressource 3a52af4a-f9da-4dcc-8110-b07774dfb3bc, via tabular-api.data.gouv.fr, extrait 2026-09-27 ; geometrie GPU data.geopf.fr wfs_sup:assiette_sup_s",
        "description": "[FAIT] Chateau inscrit MH (facades, toitures, structures basses, balustrades, boudoir, salle a manger, grand salon, salon de musique, bibliotheque, vestibule avec escalier : arrete du 16 septembre 1991, cad. A 599) ET parc inscrit MH (cad. A 599, 600, 17,88 ha au total : arrete du 24 mars 1992). Propriete privee. Immeuble inscrit MH : le proprietaire doit aviser l'autorite administrative au moins 4 mois avant tout travail (declaration, pas autorisation) ; accord de l'ABF requis si le projet est par ailleurs soumis a permis/declaration prealable d'urbanisme (art. L621-27 code du patrimoine). Geometrie officielle GPU (assiette AC1_Chateau-de-Labastide-Murat-I6YFJG_mh, 17,88 ha) remplace l'ancien point situe a environ 93 m du centroide de l'assiette et a ~245 m du batiment du chateau (BD TOPO 1.56217,44.68370 -> en realite chateau vers 1.5622,44.6417 selon BD TOPO/Wikidata Q15944355) — le point etait dans le parc, pas sur le chateau. Source Merimee : https://pop.culture.gouv.fr/notice/merimee/PA00095306 — DANS l'emprise d'etude 7x7km.",
        "ref": "PA00095306"
      },
      "id": "mh-10"
    },
    {
      "type": "Feature",
      "geometry": {
        "type": "MultiPolygon",
        "coordinates": [
          [
            [
              [
                1.58474522,
                44.65662451
              ],
              [
                1.58479199,
                44.65661766
              ],
              [
                1.58479809,
                44.65662797
              ],
              [
                1.58481443,
                44.65662382
              ],
              [
                1.58482573,
                44.65665121
              ],
              [
                1.58482103,
                44.65665776
              ],
              [
                1.58483373,
                44.65666172
              ],
              [
                1.58484198,
                44.65665364
              ],
              [
                1.58487513,
                44.65665038
              ],
              [
                1.58487587,
                44.656656
              ],
              [
                1.58489218,
                44.6566536
              ],
              [
                1.58489092,
                44.65664623
              ],
              [
                1.58493171,
                44.65663973
              ],
              [
                1.58494356,
                44.65664659
              ],
              [
                1.58495314,
                44.65664046
              ],
              [
                1.58494402,
                44.65663265
              ],
              [
                1.58494435,
                44.656628
              ],
              [
                1.5849365,
                44.65660664
              ],
              [
                1.58495328,
                44.65658932
              ],
              [
                1.58503131,
                44.65657824
              ],
              [
                1.58504288,
                44.65658587
              ],
              [
                1.58505248,
                44.65657819
              ],
              [
                1.58503712,
                44.65657014
              ],
              [
                1.58502103,
                44.65649984
              ],
              [
                1.58503539,
                44.65649672
              ],
              [
                1.58502744,
                44.65648234
              ],
              [
                1.58501143,
                44.65648281
              ],
              [
                1.58500544,
                44.65648432
              ],
              [
                1.58498927,
                44.65647607
              ],
              [
                1.58498083,
                44.65647756
              ],
              [
                1.58497353,
                44.65645543
              ],
              [
                1.58491831,
                44.65646315
              ],
              [
                1.58491764,
                44.65645466
              ],
              [
                1.58490135,
                44.65645571
              ],
              [
                1.58490203,
                44.6564654
              ],
              [
                1.58486533,
                44.65647058
              ],
              [
                1.58486271,
                44.6564632
              ],
              [
                1.58484695,
                44.65646522
              ],
              [
                1.5848482,
                44.65647317
              ],
              [
                1.58479981,
                44.65647981
              ],
              [
                1.58478905,
                44.65647277
              ],
              [
                1.5847789,
                44.65648044
              ],
              [
                1.58478885,
                44.65648729
              ],
              [
                1.58480015,
                44.65653482
              ],
              [
                1.58471803,
                44.65654801
              ],
              [
                1.58470563,
                44.65654154
              ],
              [
                1.58469793,
                44.65654942
              ],
              [
                1.58471107,
                44.65656075
              ],
              [
                1.58467488,
                44.65656844
              ],
              [
                1.58466649,
                44.65656664
              ],
              [
                1.58465928,
                44.65657802
              ],
              [
                1.58467332,
                44.65658222
              ],
              [
                1.58467172,
                44.65660115
              ],
              [
                1.58466575,
                44.65660189
              ],
              [
                1.58467123,
                44.65661781
              ],
              [
                1.5846941,
                44.65661235
              ],
              [
                1.58471052,
                44.65662234
              ],
              [
                1.58473167,
                44.65662325
              ],
              [
                1.58472718,
                44.65663407
              ],
              [
                1.58474153,
                44.65663649
              ],
              [
                1.58474522,
                44.65662451
              ]
            ]
          ]
        ]
      },
      "properties": {
        "name": "Église de Goudou (Labastide-Murat)",
        "kind": "MH",
        "source": "Base Merimee (ministere de la Culture), data.gouv.fr dataset immeubles-proteges-au-titre-des-monuments-historiques-2, ressource 3a52af4a-f9da-4dcc-8110-b07774dfb3bc, via tabular-api.data.gouv.fr, extrait 2026-09-27 ; geometrie GPU data.geopf.fr wfs_sup:assiette_sup_s",
        "description": "[FAIT] 1993/11/15 : inscrit MH. Immeuble inscrit MH : le proprietaire doit aviser l'autorite administrative au moins 4 mois avant tout travail (declaration, pas autorisation) ; accord de l'ABF requis si le projet est par ailleurs soumis a permis/declaration prealable d'urbanisme (art. L621-27 code du patrimoine). Geometrie officielle de l'assiette protegee (GPU AC1_Eglise-paroissiale-Saint-Jean-Baptiste---I1EWTU_mh), remplace le point Merimee (rendu invisible sur la carte, non cliquable). Source Merimee : https://pop.culture.gouv.fr/notice/merimee/PA00125599 — dans l'environnement large (hors emprise d'etude 7x7km).",
        "ref": "PA00125599"
      },
      "id": "mh-11"
    },
    {
      "type": "Feature",
      "geometry": {
        "type": "MultiPolygon",
        "coordinates": [
          [
            [
              [
                1.59475443,
                44.63236547
              ],
              [
                1.59468835,
                44.63235068
              ],
              [
                1.59466198,
                44.63240671
              ],
              [
                1.59472553,
                44.63242714
              ],
              [
                1.59474509,
                44.63243153
              ],
              [
                1.59473628,
                44.63245132
              ],
              [
                1.59477541,
                44.63245983
              ],
              [
                1.59478446,
                44.63244041
              ],
              [
                1.5948108,
                44.63244641
              ],
              [
                1.59483613,
                44.63245205
              ],
              [
                1.59485784,
                44.63240559
              ],
              [
                1.5948649,
                44.63239047
              ],
              [
                1.59485085,
                44.63238732
              ],
              [
                1.59476496,
                44.63236795
              ],
              [
                1.59477122,
                44.63235461
              ],
              [
                1.59476056,
                44.63235222
              ],
              [
                1.59475443,
                44.63236547
              ]
            ]
          ]
        ]
      },
      "properties": {
        "name": "Bâtiments dits La Commanderie (Soulomès)",
        "kind": "MH",
        "source": "Base Merimee (ministere de la Culture), data.gouv.fr dataset immeubles-proteges-au-titre-des-monuments-historiques-2, ressource 3a52af4a-f9da-4dcc-8110-b07774dfb3bc, via tabular-api.data.gouv.fr, extrait 2026-09-27 ; geometrie GPU data.geopf.fr wfs_sup:assiette_sup_s",
        "description": "[FAIT] Batiments dits La Commanderie, en totalite (cad. A 51, 800) : inscrits MH par arrete du 8 juin 2022. Propriete de la commune. Immeuble inscrit MH : le proprietaire doit aviser l'autorite administrative au moins 4 mois avant tout travail (declaration, pas autorisation) ; accord de l'ABF requis si le projet est par ailleurs soumis a permis/declaration prealable d'urbanisme (art. L621-27 code du patrimoine). Absente de la collecte initiale car le champ coordonnees_au_format_WGS84 de l'export tabulaire Merimee est tronque a la valeur '44,1' (virgule decimale mal geree) ; position retablie via la fiche POP et confirmee par cadastre (parcelles Soulomes A 51 et A 800). Source POP : https://pop.culture.gouv.fr/notice/merimee/PA46000081 — dans l'environnement large (a 0,80 km de l'emprise d'etude).",
        "ref": "PA46000081"
      },
      "id": "mh-12"
    },
    {
      "type": "Feature",
      "geometry": {
        "type": "MultiPolygon",
        "coordinates": [
          [
            [
              [
                1.48439617,
                44.54484507
              ],
              [
                1.48440663,
                44.54487989
              ],
              [
                1.48445425,
                44.54501727
              ],
              [
                1.4845079,
                44.54515352
              ],
              [
                1.48456751,
                44.54528849
              ],
              [
                1.48463302,
                44.54542206
              ],
              [
                1.48470438,
                44.54555408
              ],
              [
                1.4847815,
                44.54568444
              ],
              [
                1.48486432,
                44.545813
              ],
              [
                1.48495275,
                44.54593963
              ],
              [
                1.48504671,
                44.54606421
              ],
              [
                1.48514609,
                44.54618662
              ],
              [
                1.48525081,
                44.54630673
              ],
              [
                1.48536076,
                44.54642443
              ],
              [
                1.48547583,
                44.5465396
              ],
              [
                1.48559591,
                44.54665212
              ],
              [
                1.48572088,
                44.54676189
              ],
              [
                1.48585061,
                44.54686879
              ],
              [
                1.48598498,
                44.54697272
              ],
              [
                1.48612385,
                44.54707358
              ],
              [
                1.48626709,
                44.54717127
              ],
              [
                1.48641455,
                44.54726569
              ],
              [
                1.48656609,
                44.54735675
              ],
              [
                1.48672156,
                44.54744435
              ],
              [
                1.48688081,
                44.54752841
              ],
              [
                1.48704367,
                44.54760885
              ],
              [
                1.48720999,
                44.54768559
              ],
              [
                1.48737961,
                44.54775855
              ],
              [
                1.48755235,
                44.54782767
              ],
              [
                1.48764656,
                44.54786398
              ],
              [
                1.48782768,
                44.54793111
              ],
              [
                1.48801174,
                44.547994
              ],
              [
                1.48819855,
                44.54805259
              ],
              [
                1.48838792,
                44.54810683
              ],
              [
                1.48857965,
                44.54815665
              ],
              [
                1.48877354,
                44.54820199
              ],
              [
                1.48896938,
                44.54824283
              ],
              [
                1.48916697,
                44.5482791
              ],
              [
                1.4893661,
                44.54831077
              ],
              [
                1.48956656,
                44.54833781
              ],
              [
                1.48976814,
                44.54836019
              ],
              [
                1.48997063,
                44.54837789
              ],
              [
                1.49017381,
                44.54839089
              ],
              [
                1.49020411,
                44.54839248
              ],
              [
                1.49040317,
                44.54840062
              ],
              [
                1.49060248,
                44.54840426
              ],
              [
                1.49080186,
                44.54840337
              ],
              [
                1.4910011,
                44.54839798
              ],
              [
                1.49119999,
                44.54838807
              ],
              [
                1.49139835,
                44.54837366
              ],
              [
                1.49159597,
                44.54835477
              ],
              [
                1.49179266,
                44.54833141
              ],
              [
                1.49198821,
                44.54830361
              ],
              [
                1.49218243,
                44.54827139
              ],
              [
                1.49237513,
                44.54823479
              ],
              [
                1.49256611,
                44.54819384
              ],
              [
                1.49275518,
                44.54814859
              ],
              [
                1.49294215,
                44.54809907
              ],
              [
                1.49312683,
                44.54804535
              ],
              [
                1.49330905,
                44.54798747
              ],
              [
                1.4934886,
                44.5479255
              ],
              [
                1.49366532,
                44.54785948
              ],
              [
                1.49383903,
                44.5477895
              ],
              [
                1.49400955,
                44.54771562
              ],
              [
                1.49417671,
                44.54763791
              ],
              [
                1.49434035,
                44.54755646
              ],
              [
                1.4945003,
                44.54747134
              ],
              [
                1.49465639,
                44.54738264
              ],
              [
                1.49480848,
                44.54729045
              ],
              [
                1.49495641,
                44.54719486
              ],
              [
                1.49510003,
                44.54709597
              ],
              [
                1.4952392,
                44.54699388
              ],
              [
                1.49537378,
                44.54688868
              ],
              [
                1.49550363,
                44.54678049
              ],
              [
                1.49553514,
                44.54675248
              ],
              [
                1.49564198,
                44.54665949
              ],
              [
                1.49576096,
                44.54654913
              ],
              [
                1.49587511,
                44.54643618
              ],
              [
                1.49598431,
                44.54632076
              ],
              [
                1.49608847,
                44.54620298
              ],
              [
                1.49618747,
                44.54608296
              ],
              [
                1.49628123,
                44.54596079
              ],
              [
                1.49636966,
                44.54583661
              ],
              [
                1.49645267,
                44.54571053
              ],
              [
                1.49653018,
                44.54558268
              ],
              [
                1.49660212,
                44.54545317
              ],
              [
                1.49666842,
                44.54532212
              ],
              [
                1.49672902,
                44.54518968
              ],
              [
                1.49673962,
                44.54516524
              ],
              [
                1.49679379,
                44.54503321
              ],
              [
                1.4968423,
                44.54490005
              ],
              [
                1.4968851,
                44.54476589
              ],
              [
                1.49692214,
                44.54463086
              ],
              [
                1.49695339,
                44.54449508
              ],
              [
                1.49697883,
                44.54435869
              ],
              [
                1.49699842,
                44.5442218
              ],
              [
                1.49701215,
                44.54408455
              ],
              [
                1.49702001,
                44.54394706
              ],
              [
                1.4970205,
                44.54393329
              ],
              [
                1.49702244,
                44.54379025
              ],
              [
                1.49701802,
                44.54364725
              ],
              [
                1.49700725,
                44.54350441
              ],
              [
                1.49699014,
                44.5433619
              ],
              [
                1.4969667,
                44.54321984
              ],
              [
                1.49693697,
                44.54307839
              ],
              [
                1.49690096,
                44.54293769
              ],
              [
                1.49685872,
                44.54279787
              ],
              [
                1.4968103,
                44.54265909
              ],
              [
                1.49675573,
                44.54252148
              ],
              [
                1.49669507,
                44.54238517
              ],
              [
                1.49662839,
                44.54225031
              ],
              [
                1.49655575,
                44.54211704
              ],
              [
                1.49647723,
                44.54198548
              ],
              [
                1.4963929,
                44.54185578
              ],
              [
                1.49630286,
                44.54172806
              ],
              [
                1.49620718,
                44.54160244
              ],
              [
                1.49610597,
                44.54147907
              ],
              [
                1.49599934,
                44.54135805
              ],
              [
                1.49588738,
                44.54123953
              ],
              [
                1.49577021,
                44.5411236
              ],
              [
                1.49564795,
                44.5410104
              ],
              [
                1.49552072,
                44.54090003
              ],
              [
                1.49538866,
                44.54079261
              ],
              [
                1.49525189,
                44.54068824
              ],
              [
                1.49511055,
                44.54058703
              ],
              [
                1.4950752,
                44.54056251
              ],
              [
                1.49492807,
                44.54046368
              ],
              [
                1.49477658,
                44.54036827
              ],
              [
                1.4946209,
                44.54027639
              ],
              [
                1.49446117,
                44.54018812
              ],
              [
                1.49429757,
                44.54010356
              ],
              [
                1.49413027,
                44.5400228
              ],
              [
                1.49395943,
                44.53994591
              ],
              [
                1.49378523,
                44.53987299
              ],
              [
                1.49360785,
                44.53980409
              ],
              [
                1.49348881,
                44.53975961
              ],
              [
                1.49348853,
                44.53975999
              ],
              [
                1.4933896,
                44.53972303
              ],
              [
                1.49321123,
                44.53966142
              ],
              [
                1.49303023,
                44.53960386
              ],
              [
                1.49284679,
                44.53955041
              ],
              [
                1.49266109,
                44.5395011
              ],
              [
                1.49247331,
                44.539456
              ],
              [
                1.49228364,
                44.53941515
              ],
              [
                1.49209226,
                44.53937859
              ],
              [
                1.49189938,
                44.53934635
              ],
              [
                1.49170517,
                44.53931848
              ],
              [
                1.49150983,
                44.53929498
              ],
              [
                1.49131355,
                44.53927589
              ],
              [
                1.49111653,
                44.53926123
              ],
              [
                1.49091896,
                44.53925102
              ],
              [
                1.49072104,
                44.53924525
              ],
              [
                1.49052297,
                44.53924394
              ],
              [
                1.49032493,
                44.53924709
              ],
              [
                1.49012714,
                44.53925469
              ],
              [
                1.48992977,
                44.53926675
              ],
              [
                1.48973303,
                44.53928324
              ],
              [
                1.48953712,
                44.53930414
              ],
              [
                1.48934222,
                44.53932945
              ],
              [
                1.48914853,
                44.53935913
              ],
              [
                1.48895625,
                44.53939316
              ],
              [
                1.48876556,
                44.53943149
              ],
              [
                1.48857664,
                44.5394741
              ],
              [
                1.4883897,
                44.53952094
              ],
              [
                1.48820491,
                44.53957197
              ],
              [
                1.48802245,
                44.53962713
              ],
              [
                1.48784251,
                44.53968636
              ],
              [
                1.48766527,
                44.53974962
              ],
              [
                1.4874909,
                44.53981683
              ],
              [
                1.48731957,
                44.53988794
              ],
              [
                1.48715146,
                44.53996287
              ],
              [
                1.48698672,
                44.54004154
              ],
              [
                1.48682553,
                44.54012388
              ],
              [
                1.48666804,
                44.54020981
              ],
              [
                1.48651441,
                44.54029924
              ],
              [
                1.48636479,
                44.54039209
              ],
              [
                1.48621933,
                44.54048825
              ],
              [
                1.48607817,
                44.54058764
              ],
              [
                1.48594146,
                44.54069016
              ],
              [
                1.48580932,
                44.54079571
              ],
              [
                1.48568189,
                44.54090418
              ],
              [
                1.4855593,
                44.54101546
              ],
              [
                1.48544167,
                44.54112944
              ],
              [
                1.4853291,
                44.54124602
              ],
              [
                1.48522173,
                44.54136507
              ],
              [
                1.48511964,
                44.54148648
              ],
              [
                1.48502295,
                44.54161013
              ],
              [
                1.4849783,
                44.54166939
              ],
              [
                1.48488727,
                44.54179491
              ],
              [
                1.48480179,
                44.54192241
              ],
              [
                1.48472196,
                44.54205177
              ],
              [
                1.48464784,
                44.54218286
              ],
              [
                1.48457952,
                44.54231555
              ],
              [
                1.48451706,
                44.54244971
              ],
              [
                1.48446052,
                44.5425852
              ],
              [
                1.48440997,
                44.5427219
              ],
              [
                1.48436543,
                44.54285966
              ],
              [
                1.48432698,
                44.54299836
              ],
              [
                1.48429463,
                44.54313786
              ],
              [
                1.48426842,
                44.54327801
              ],
              [
                1.48424839,
                44.54341868
              ],
              [
                1.48423454,
                44.54355973
              ],
              [
                1.48422689,
                44.54370102
              ],
              [
                1.48422545,
                44.54384242
              ],
              [
                1.48423023,
                44.54398378
              ],
              [
                1.4842412,
                44.54412496
              ],
              [
                1.48425838,
                44.54426582
              ],
              [
                1.48428173,
                44.54440623
              ],
              [
                1.48431124,
                44.54454604
              ],
              [
                1.48434688,
                44.54468513
              ],
              [
                1.4843886,
                44.54482334
              ],
              [
                1.48439617,
                44.54484507
              ]
            ]
          ]
        ]
      },
      "properties": {
        "name": "Abords (500 m) — Église Saint-Pierre-aux-Liens (Francoulès)",
        "kind": "perimetre",
        "source": "GPU (servitude AC1, UDAP 46) — data.geopf.fr WFS wfs_sup:assiette_sup_s, verifie 2026-09-27",
        "description": "[FAIT] Perimetre officiel des abords (servitude AC1, zone tampon 500 m) de « Église Saint-Pierre-aux-Liens (Francoulès) » (PA00095093) — geometrie GPU AC1_Eglise-paroissiale-Saint-Firmin-Saint-Pierre-aux-Liens-IZD3FV_abor, remplace le cercle theorique calcule precedemment (qui omettait la surface hors du cercle mais dans le tampon officiel). Abords de monument historique (servitude AC1, zone tampon officielle de 500 m autour de l'emprise protegee, sans Perimetre Delimite des Abords - PDA). La protection ne s'applique qu'aux immeubles visibles du monument ou visibles en meme temps que lui (art. L621-30 code du patrimoine). Seuls les travaux modifiant l'aspect exterieur d'un immeuble concerne sont soumis a autorisation avec accord de l'Architecte des Batiments de France (art. L621-32 code du patrimoine). Detection metal a visee historique ou archeologique soumise partout a autorisation prealable, quel que soit le lieu (art. L542-1 code du patrimoine). Localisation : environnement large (hors emprise d'etude 7x7km).",
        "ref": "PA00095093"
      },
      "id": "perimetre-01"
    },
    {
      "type": "Feature",
      "geometry": {
        "type": "MultiPolygon",
        "coordinates": [
          [
            [
              [
                1.48223897,
                44.56212029
              ],
              [
                1.48236894,
                44.56222684
              ],
              [
                1.48250353,
                44.56233041
              ],
              [
                1.4826426,
                44.56243091
              ],
              [
                1.48278602,
                44.56252824
              ],
              [
                1.48293364,
                44.5626223
              ],
              [
                1.48308533,
                44.562713
              ],
              [
                1.48324092,
                44.56280024
              ],
              [
                1.48340027,
                44.56288396
              ],
              [
                1.48356322,
                44.56296405
              ],
              [
                1.4837296,
                44.56304044
              ],
              [
                1.48389926,
                44.56311307
              ],
              [
                1.48407203,
                44.56318184
              ],
              [
                1.48424773,
                44.56324671
              ],
              [
                1.4844262,
                44.56330759
              ],
              [
                1.48460725,
                44.56336444
              ],
              [
                1.48479071,
                44.5634172
              ],
              [
                1.4849764,
                44.56346581
              ],
              [
                1.48516413,
                44.56351023
              ],
              [
                1.48535373,
                44.56355041
              ],
              [
                1.48554499,
                44.56358631
              ],
              [
                1.48573773,
                44.5636179
              ],
              [
                1.48593177,
                44.56364515
              ],
              [
                1.48612691,
                44.56366803
              ],
              [
                1.48632296,
                44.56368652
              ],
              [
                1.48651973,
                44.56370059
              ],
              [
                1.48671701,
                44.56371024
              ],
              [
                1.48691463,
                44.56371546
              ],
              [
                1.48711237,
                44.56371624
              ],
              [
                1.48731005,
                44.56371257
              ],
              [
                1.48750748,
                44.56370447
              ],
              [
                1.48770444,
                44.56369195
              ],
              [
                1.48790077,
                44.563675
              ],
              [
                1.48809625,
                44.56365366
              ],
              [
                1.48829069,
                44.56362793
              ],
              [
                1.48848391,
                44.56359786
              ],
              [
                1.48867572,
                44.56356346
              ],
              [
                1.48870726,
                44.56355704
              ],
              [
                1.48875328,
                44.56354896
              ],
              [
                1.48894383,
                44.56351092
              ],
              [
                1.48913261,
                44.56346861
              ],
              [
                1.48931945,
                44.56342209
              ],
              [
                1.48950414,
                44.56337139
              ],
              [
                1.48968651,
                44.56331657
              ],
              [
                1.48986639,
                44.56325768
              ],
              [
                1.49004359,
                44.56319478
              ],
              [
                1.49021793,
                44.56312792
              ],
              [
                1.49038925,
                44.56305719
              ],
              [
                1.49055738,
                44.56298264
              ],
              [
                1.49072215,
                44.56290435
              ],
              [
                1.49088339,
                44.5628224
              ],
              [
                1.49104096,
                44.56273687
              ],
              [
                1.491093,
                44.56270768
              ],
              [
                1.49124631,
                44.5626189
              ],
              [
                1.49139565,
                44.56252673
              ],
              [
                1.49154088,
                44.56243126
              ],
              [
                1.49168185,
                44.56233258
              ],
              [
                1.49181843,
                44.5622308
              ],
              [
                1.49195048,
                44.562126
              ],
              [
                1.49207787,
                44.5620183
              ],
              [
                1.49220048,
                44.5619078
              ],
              [
                1.49231818,
                44.5617946
              ],
              [
                1.49243087,
                44.56167882
              ],
              [
                1.49253842,
                44.56156058
              ],
              [
                1.49264074,
                44.56143998
              ],
              [
                1.49273773,
                44.56131715
              ],
              [
                1.49282928,
                44.56119221
              ],
              [
                1.49291532,
                44.56106528
              ],
              [
                1.49299574,
                44.56093649
              ],
              [
                1.49307049,
                44.56080595
              ],
              [
                1.49309538,
                44.56076046
              ],
              [
                1.49316505,
                44.56062694
              ],
              [
                1.49322877,
                44.56049191
              ],
              [
                1.49328648,
                44.56035551
              ],
              [
                1.49333813,
                44.56021786
              ],
              [
                1.49338365,
                44.56007912
              ],
              [
                1.493423,
                44.55993942
              ],
              [
                1.49345615,
                44.5597989
              ],
              [
                1.49348307,
                44.55965769
              ],
              [
                1.49350371,
                44.55951595
              ],
              [
                1.49350564,
                44.55950031
              ],
              [
                1.49351948,
                44.55936468
              ],
              [
                1.49352758,
                44.55922881
              ],
              [
                1.49352994,
                44.55909283
              ],
              [
                1.49352655,
                44.55895685
              ],
              [
                1.49351742,
                44.55882102
              ],
              [
                1.49350256,
                44.55868544
              ],
              [
                1.49348197,
                44.55855025
              ],
              [
                1.49345568,
                44.55841556
              ],
              [
                1.49342371,
                44.5582815
              ],
              [
                1.49338609,
                44.5581482
              ],
              [
                1.49334285,
                44.55801576
              ],
              [
                1.49329404,
                44.55788432
              ],
              [
                1.4932397,
                44.557754
              ],
              [
                1.4932232,
                44.5577165
              ],
              [
                1.49316311,
                44.55758687
              ],
              [
                1.49309756,
                44.55745861
              ],
              [
                1.49302659,
                44.55733183
              ],
              [
                1.49295028,
                44.55720664
              ],
              [
                1.4928687,
                44.55708317
              ],
              [
                1.49278191,
                44.55696152
              ],
              [
                1.49269,
                44.55684182
              ],
              [
                1.49259305,
                44.55672416
              ],
              [
                1.49249116,
                44.55660866
              ],
              [
                1.49238442,
                44.55649542
              ],
              [
                1.49227292,
                44.55638454
              ],
              [
                1.49226125,
                44.55637331
              ],
              [
                1.49213896,
                44.55625936
              ],
              [
                1.49201164,
                44.55614825
              ],
              [
                1.49187943,
                44.55604011
              ],
              [
                1.49174246,
                44.55593504
              ],
              [
                1.49160087,
                44.55583315
              ],
              [
                1.49145481,
                44.55573453
              ],
              [
                1.49130442,
                44.5556393
              ],
              [
                1.49114986,
                44.55554755
              ],
              [
                1.49099129,
                44.55545937
              ],
              [
                1.49082886,
                44.55537486
              ],
              [
                1.49066274,
                44.55529409
              ],
              [
                1.4904931,
                44.55521715
              ],
              [
                1.49032012,
                44.55514412
              ],
              [
                1.49014397,
                44.55507508
              ],
              [
                1.48996482,
                44.55501009
              ],
              [
                1.48978287,
                44.55494922
              ],
              [
                1.48959829,
                44.55489253
              ],
              [
                1.48941128,
                44.55484008
              ],
              [
                1.48922203,
                44.55479192
              ],
              [
                1.48903072,
                44.5547481
              ],
              [
                1.48883755,
                44.55470867
              ],
              [
                1.48864273,
                44.55467367
              ],
              [
                1.48844644,
                44.55464313
              ],
              [
                1.48824888,
                44.55461708
              ],
              [
                1.48805027,
                44.55459555
              ],
              [
                1.4878508,
                44.55457857
              ],
              [
                1.48765067,
                44.55456614
              ],
              [
                1.48745009,
                44.55455829
              ],
              [
                1.487418,
                44.5545574
              ],
              [
                1.48722116,
                44.55455414
              ],
              [
                1.48702428,
                44.55455529
              ],
              [
                1.48682755,
                44.55456084
              ],
              [
                1.48663115,
                44.55457078
              ],
              [
                1.48643529,
                44.55458511
              ],
              [
                1.48624014,
                44.55460382
              ],
              [
                1.48604591,
                44.55462688
              ],
              [
                1.48585279,
                44.55465426
              ],
              [
                1.48566095,
                44.55468596
              ],
              [
                1.4854706,
                44.55472192
              ],
              [
                1.48528191,
                44.55476213
              ],
              [
                1.48509507,
                44.55480654
              ],
              [
                1.48491027,
                44.5548551
              ],
              [
                1.48472767,
                44.55490776
              ],
              [
                1.48454748,
                44.55496449
              ],
              [
                1.48436985,
                44.55502522
              ],
              [
                1.48419496,
                44.55508988
              ],
              [
                1.48402298,
                44.55515843
              ],
              [
                1.48385409,
                44.55523079
              ],
              [
                1.48368845,
                44.55530689
              ],
              [
                1.48352621,
                44.55538666
              ],
              [
                1.48341972,
                44.55544079
              ],
              [
                1.48337081,
                44.55546555
              ],
              [
                1.48321131,
                44.55554904
              ],
              [
                1.48305556,
                44.55563607
              ],
              [
                1.4829037,
                44.55572655
              ],
              [
                1.48275589,
                44.55582039
              ],
              [
                1.48261228,
                44.55591751
              ],
              [
                1.48247299,
                44.5560178
              ],
              [
                1.48233818,
                44.55612116
              ],
              [
                1.48220798,
                44.55622751
              ],
              [
                1.48208251,
                44.55633672
              ],
              [
                1.48196189,
                44.5564487
              ],
              [
                1.48184626,
                44.55656333
              ],
              [
                1.48173571,
                44.55668049
              ],
              [
                1.48163036,
                44.55680008
              ],
              [
                1.48153031,
                44.55692198
              ],
              [
                1.48143566,
                44.55704606
              ],
              [
                1.48134651,
                44.55717221
              ],
              [
                1.48126295,
                44.5573003
              ],
              [
                1.48118504,
                44.55743019
              ],
              [
                1.48111288,
                44.55756178
              ],
              [
                1.48104654,
                44.55769491
              ],
              [
                1.48098607,
                44.55782947
              ],
              [
                1.48093154,
                44.55796533
              ],
              [
                1.480883,
                44.55810234
              ],
              [
                1.4808405,
                44.55824037
              ],
              [
                1.48080408,
                44.55837928
              ],
              [
                1.48077379,
                44.55851895
              ],
              [
                1.48074963,
                44.55865923
              ],
              [
                1.4807438,
                44.55869813
              ],
              [
                1.48072597,
                44.55883747
              ],
              [
                1.48071421,
                44.55897714
              ],
              [
                1.48070852,
                44.55911701
              ],
              [
                1.48070892,
                44.55925693
              ],
              [
                1.4807154,
                44.55939677
              ],
              [
                1.48072795,
                44.55953641
              ],
              [
                1.48074657,
                44.55967569
              ],
              [
                1.48077124,
                44.5598145
              ],
              [
                1.48080193,
                44.55995269
              ],
              [
                1.48083861,
                44.56009013
              ],
              [
                1.48088125,
                44.5602267
              ],
              [
                1.48092981,
                44.56036224
              ],
              [
                1.48098424,
                44.56049664
              ],
              [
                1.48104448,
                44.56062977
              ],
              [
                1.48111048,
                44.5607615
              ],
              [
                1.48118218,
                44.56089169
              ],
              [
                1.4812595,
                44.56102023
              ],
              [
                1.48134238,
                44.56114699
              ],
              [
                1.48143072,
                44.56127184
              ],
              [
                1.48152445,
                44.56139468
              ],
              [
                1.48162348,
                44.56151537
              ],
              [
                1.4817277,
                44.5616338
              ],
              [
                1.48183703,
                44.56174985
              ],
              [
                1.48195135,
                44.56186343
              ],
              [
                1.48207055,
                44.5619744
              ],
              [
                1.48219452,
                44.56208268
              ],
              [
                1.48223897,
                44.56212029
              ]
            ]
          ]
        ]
      },
      "properties": {
        "name": "Abords (500 m) — Église Saint-Pierre-Liversou (Francoulès)",
        "kind": "perimetre",
        "source": "GPU (servitude AC1, UDAP 46) — data.geopf.fr WFS wfs_sup:assiette_sup_s, verifie 2026-09-27",
        "description": "[FAIT] Perimetre officiel des abords (servitude AC1, zone tampon 500 m) de « Église Saint-Pierre-Liversou (Francoulès) » (PA00095094) — geometrie GPU AC1_Eglise-paroissiale-Saint-Pierre-es-Liens-Saint-Pierre-de-Liversou-I37FG9_abor, remplace le cercle theorique calcule precedemment (qui omettait la surface hors du cercle mais dans le tampon officiel). Abords de monument historique (servitude AC1, zone tampon officielle de 500 m autour de l'emprise protegee, sans Perimetre Delimite des Abords - PDA). La protection ne s'applique qu'aux immeubles visibles du monument ou visibles en meme temps que lui (art. L621-30 code du patrimoine). Seuls les travaux modifiant l'aspect exterieur d'un immeuble concerne sont soumis a autorisation avec accord de l'Architecte des Batiments de France (art. L621-32 code du patrimoine). Detection metal a visee historique ou archeologique soumise partout a autorisation prealable, quel que soit le lieu (art. L542-1 code du patrimoine). Localisation : environnement large (hors emprise d'etude 7x7km).",
        "ref": "PA00095094"
      },
      "id": "perimetre-02"
    },
    {
      "type": "Feature",
      "geometry": {
        "type": "MultiPolygon",
        "coordinates": [
          [
            [
              [
                1.51817189,
                44.6016617
              ],
              [
                1.51809357,
                44.60179266
              ],
              [
                1.5180211,
                44.60192532
              ],
              [
                1.51795454,
                44.60205956
              ],
              [
                1.51789395,
                44.60219523
              ],
              [
                1.5178394,
                44.6023322
              ],
              [
                1.51779094,
                44.60247034
              ],
              [
                1.51774862,
                44.6026095
              ],
              [
                1.51771249,
                44.60274955
              ],
              [
                1.51768257,
                44.60289035
              ],
              [
                1.51765891,
                44.60303175
              ],
              [
                1.51764151,
                44.60317362
              ],
              [
                1.51763041,
                44.60331581
              ],
              [
                1.51762561,
                44.60345817
              ],
              [
                1.51762711,
                44.60360058
              ],
              [
                1.51763492,
                44.60374288
              ],
              [
                1.51764903,
                44.60388493
              ],
              [
                1.51766942,
                44.60402659
              ],
              [
                1.51769607,
                44.60416773
              ],
              [
                1.51772896,
                44.60430818
              ],
              [
                1.51776805,
                44.60444783
              ],
              [
                1.51781331,
                44.60458652
              ],
              [
                1.51786468,
                44.60472412
              ],
              [
                1.51792212,
                44.60486049
              ],
              [
                1.51798557,
                44.60499549
              ],
              [
                1.51805497,
                44.60512899
              ],
              [
                1.51813025,
                44.60526086
              ],
              [
                1.51821132,
                44.60539096
              ],
              [
                1.51829812,
                44.60551916
              ],
              [
                1.51839055,
                44.60564533
              ],
              [
                1.51848853,
                44.60576936
              ],
              [
                1.51859194,
                44.6058911
              ],
              [
                1.5187007,
                44.60601045
              ],
              [
                1.51881469,
                44.60612728
              ],
              [
                1.51893379,
                44.60624148
              ],
              [
                1.51905789,
                44.60635293
              ],
              [
                1.51918687,
                44.60646152
              ],
              [
                1.51932058,
                44.60656714
              ],
              [
                1.51945891,
                44.60666968
              ],
              [
                1.51960172,
                44.60676905
              ],
              [
                1.51974885,
                44.60686513
              ],
              [
                1.51990016,
                44.60695785
              ],
              [
                1.5200555,
                44.6070471
              ],
              [
                1.52021472,
                44.6071328
              ],
              [
                1.52037765,
                44.60721485
              ],
              [
                1.52054414,
                44.60729318
              ],
              [
                1.52071401,
                44.60736771
              ],
              [
                1.5208871,
                44.60743836
              ],
              [
                1.52106323,
                44.60750506
              ],
              [
                1.52124222,
                44.60756776
              ],
              [
                1.52135542,
                44.60760583
              ],
              [
                1.52153249,
                44.60766301
              ],
              [
                1.52171195,
                44.60771627
              ],
              [
                1.52189362,
                44.60776555
              ],
              [
                1.52207733,
                44.60781081
              ],
              [
                1.52226291,
                44.60785199
              ],
              [
                1.52245018,
                44.60788907
              ],
              [
                1.52263895,
                44.60792201
              ],
              [
                1.52282907,
                44.60795077
              ],
              [
                1.52302033,
                44.60797533
              ],
              [
                1.52321256,
                44.60799566
              ],
              [
                1.52340558,
                44.60801175
              ],
              [
                1.5235992,
                44.60802358
              ],
              [
                1.52379324,
                44.60803114
              ],
              [
                1.52398751,
                44.60803442
              ],
              [
                1.52418183,
                44.60803342
              ],
              [
                1.52437602,
                44.60802813
              ],
              [
                1.52456989,
                44.60801858
              ],
              [
                1.52476325,
                44.60800475
              ],
              [
                1.52495592,
                44.60798668
              ],
              [
                1.52514772,
                44.60796436
              ],
              [
                1.52533847,
                44.60793783
              ],
              [
                1.52552798,
                44.60790712
              ],
              [
                1.52558623,
                44.607897
              ],
              [
                1.52577865,
                44.60786127
              ],
              [
                1.5259694,
                44.60782121
              ],
              [
                1.52615829,
                44.60777688
              ],
              [
                1.52634513,
                44.60772831
              ],
              [
                1.52652973,
                44.60767556
              ],
              [
                1.5267119,
                44.60761867
              ],
              [
                1.52689147,
                44.6075577
              ],
              [
                1.52706826,
                44.60749272
              ],
              [
                1.52724209,
                44.60742378
              ],
              [
                1.52741279,
                44.60735096
              ],
              [
                1.52758019,
                44.60727433
              ],
              [
                1.52774412,
                44.60719396
              ],
              [
                1.52790442,
                44.60710994
              ],
              [
                1.52806093,
                44.60702235
              ],
              [
                1.52821349,
                44.60693127
              ],
              [
                1.52836195,
                44.6068368
              ],
              [
                1.52850617,
                44.60673903
              ],
              [
                1.52864599,
                44.60663806
              ],
              [
                1.52878129,
                44.60653399
              ],
              [
                1.52891192,
                44.60642692
              ],
              [
                1.52903776,
                44.60631696
              ],
              [
                1.52915868,
                44.60620422
              ],
              [
                1.52927456,
                44.6060888
              ],
              [
                1.52938528,
                44.60597084
              ],
              [
                1.52949074,
                44.60585043
              ],
              [
                1.52959083,
                44.60572771
              ],
              [
                1.52968544,
                44.6056028
              ],
              [
                1.5297745,
                44.60547581
              ],
              [
                1.52981816,
                44.60541102
              ],
              [
                1.52990095,
                44.60528307
              ],
              [
                1.5299781,
                44.60515332
              ],
              [
                1.53004952,
                44.60502192
              ],
              [
                1.53011515,
                44.60488898
              ],
              [
                1.53017492,
                44.60475463
              ],
              [
                1.53022877,
                44.60461902
              ],
              [
                1.53027665,
                44.60448227
              ],
              [
                1.53031851,
                44.60434451
              ],
              [
                1.53035431,
                44.60420588
              ],
              [
                1.53038402,
                44.60406653
              ],
              [
                1.5304076,
                44.60392657
              ],
              [
                1.53042504,
                44.60378616
              ],
              [
                1.53043632,
                44.60364542
              ],
              [
                1.53044142,
                44.6035045
              ],
              [
                1.53044035,
                44.60336354
              ],
              [
                1.53043309,
                44.60322267
              ],
              [
                1.53041967,
                44.60308203
              ],
              [
                1.53040009,
                44.60294176
              ],
              [
                1.53037436,
                44.602802
              ],
              [
                1.53034253,
                44.60266288
              ],
              [
                1.53030462,
                44.60252454
              ],
              [
                1.53026066,
                44.60238712
              ],
              [
                1.5302107,
                44.60225075
              ],
              [
                1.53015478,
                44.60211556
              ],
              [
                1.53009297,
                44.60198169
              ],
              [
                1.53002532,
                44.60184927
              ],
              [
                1.52995191,
                44.60171843
              ],
              [
                1.52987279,
                44.60158929
              ],
              [
                1.52978805,
                44.60146199
              ],
              [
                1.52969778,
                44.60133664
              ],
              [
                1.52966648,
                44.60129481
              ],
              [
                1.52956869,
                44.60116898
              ],
              [
                1.52946532,
                44.60104545
              ],
              [
                1.52935648,
                44.60092435
              ],
              [
                1.52924227,
                44.60080579
              ],
              [
                1.52912282,
                44.6006899
              ],
              [
                1.52899824,
                44.6005768
              ],
              [
                1.52886867,
                44.6004666
              ],
              [
                1.52873423,
                44.60035942
              ],
              [
                1.52859507,
                44.60025537
              ],
              [
                1.52845132,
                44.60015454
              ],
              [
                1.52830313,
                44.60005705
              ],
              [
                1.52815066,
                44.59996299
              ],
              [
                1.52799406,
                44.59987247
              ],
              [
                1.52783348,
                44.59978557
              ],
              [
                1.5276691,
                44.59970238
              ],
              [
                1.52750109,
                44.59962298
              ],
              [
                1.5273296,
                44.59954747
              ],
              [
                1.52715483,
                44.59947591
              ],
              [
                1.52697694,
                44.59940837
              ],
              [
                1.52679613,
                44.59934494
              ],
              [
                1.52661256,
                44.59928567
              ],
              [
                1.52649968,
                44.59925076
              ],
              [
                1.52631812,
                44.599197
              ],
              [
                1.5261343,
                44.59914731
              ],
              [
                1.5259484,
                44.59910174
              ],
              [
                1.52576061,
                44.59906034
              ],
              [
                1.52557109,
                44.59902314
              ],
              [
                1.52538005,
                44.59899018
              ],
              [
                1.52518766,
                44.5989615
              ],
              [
                1.52499411,
                44.59893711
              ],
              [
                1.5247996,
                44.59891705
              ],
              [
                1.5246043,
                44.59890134
              ],
              [
                1.52440841,
                44.59888999
              ],
              [
                1.52421212,
                44.598883
              ],
              [
                1.52401562,
                44.59888039
              ],
              [
                1.5238191,
                44.59888217
              ],
              [
                1.52362276,
                44.59888832
              ],
              [
                1.52342678,
                44.59889884
              ],
              [
                1.52323135,
                44.59891373
              ],
              [
                1.52303667,
                44.59893296
              ],
              [
                1.52284293,
                44.59895653
              ],
              [
                1.5226503,
                44.59898439
              ],
              [
                1.52245899,
                44.59901654
              ],
              [
                1.52226917,
                44.59905294
              ],
              [
                1.52208104,
                44.59909354
              ],
              [
                1.52189476,
                44.59913832
              ],
              [
                1.52171054,
                44.59918723
              ],
              [
                1.52152853,
                44.59924022
              ],
              [
                1.52134893,
                44.59929724
              ],
              [
                1.52117191,
                44.59935823
              ],
              [
                1.52099763,
                44.59942314
              ],
              [
                1.52082628,
                44.5994919
              ],
              [
                1.520658,
                44.59956445
              ],
              [
                1.52049298,
                44.59964071
              ],
              [
                1.52033136,
                44.59972061
              ],
              [
                1.52017331,
                44.59980407
              ],
              [
                1.52001898,
                44.59989102
              ],
              [
                1.51986853,
                44.59998136
              ],
              [
                1.51972208,
                44.60007501
              ],
              [
                1.5195798,
                44.60017188
              ],
              [
                1.51944182,
                44.60027187
              ],
              [
                1.51930826,
                44.60037489
              ],
              [
                1.51917927,
                44.60048083
              ],
              [
                1.51905497,
                44.6005896
              ],
              [
                1.51893547,
                44.60070108
              ],
              [
                1.5188209,
                44.60081517
              ],
              [
                1.51871137,
                44.60093176
              ],
              [
                1.51860698,
                44.60105073
              ],
              [
                1.51850783,
                44.60117197
              ],
              [
                1.51841403,
                44.60129537
              ],
              [
                1.51832566,
                44.60142079
              ],
              [
                1.5182428,
                44.60154812
              ],
              [
                1.51817189,
                44.6016617
              ]
            ]
          ]
        ]
      },
      "properties": {
        "name": "Abords (500 m) — Église de Puycalvel (Lamothe-Cassel)",
        "kind": "perimetre",
        "source": "GPU (servitude AC1, UDAP 46) — data.geopf.fr WFS wfs_sup:assiette_sup_s, verifie 2026-09-27",
        "description": "[FAIT] Perimetre officiel des abords (servitude AC1, zone tampon 500 m) de « Église de Puycalvel (Lamothe-Cassel) » (PA00095121) — geometrie GPU AC1_Eglise-paroissiale-Saint-Vit--IDNGTH_abor, remplace le cercle theorique calcule precedemment (qui omettait la surface hors du cercle mais dans le tampon officiel). Abords de monument historique (servitude AC1, zone tampon officielle de 500 m autour de l'emprise protegee, sans Perimetre Delimite des Abords - PDA). La protection ne s'applique qu'aux immeubles visibles du monument ou visibles en meme temps que lui (art. L621-30 code du patrimoine). Seuls les travaux modifiant l'aspect exterieur d'un immeuble concerne sont soumis a autorisation avec accord de l'Architecte des Batiments de France (art. L621-32 code du patrimoine). Detection metal a visee historique ou archeologique soumise partout a autorisation prealable, quel que soit le lieu (art. L542-1 code du patrimoine). Localisation : DANS l'emprise d'etude 7x7km.",
        "ref": "PA00095121"
      },
      "id": "perimetre-03"
    },
    {
      "type": "Feature",
      "geometry": {
        "type": "MultiPolygon",
        "coordinates": [
          [
            [
              [
                1.52558364,
                44.67288297
              ],
              [
                1.52554424,
                44.67298793
              ],
              [
                1.5254995,
                44.67312386
              ],
              [
                1.52546069,
                44.67326072
              ],
              [
                1.52542785,
                44.67339836
              ],
              [
                1.52542383,
                44.67341695
              ],
              [
                1.52539651,
                44.67355803
              ],
              [
                1.52537546,
                44.67369966
              ],
              [
                1.5253607,
                44.67384169
              ],
              [
                1.52535224,
                44.67398399
              ],
              [
                1.5253501,
                44.67412641
              ],
              [
                1.52535427,
                44.6742688
              ],
              [
                1.52536475,
                44.67441102
              ],
              [
                1.52538154,
                44.67455294
              ],
              [
                1.52540461,
                44.67469441
              ],
              [
                1.52543393,
                44.67483529
              ],
              [
                1.52546949,
                44.67497544
              ],
              [
                1.52551125,
                44.67511471
              ],
              [
                1.52555916,
                44.67525297
              ],
              [
                1.52561318,
                44.67539008
              ],
              [
                1.52567325,
                44.6755259
              ],
              [
                1.52573931,
                44.6756603
              ],
              [
                1.52581129,
                44.67579314
              ],
              [
                1.52588914,
                44.67592428
              ],
              [
                1.52597275,
                44.67605361
              ],
              [
                1.52606206,
                44.67618098
              ],
              [
                1.52615698,
                44.67630627
              ],
              [
                1.52616614,
                44.67631792
              ],
              [
                1.52627061,
                44.67644579
              ],
              [
                1.52638092,
                44.67657115
              ],
              [
                1.52649695,
                44.67669384
              ],
              [
                1.52661857,
                44.67681375
              ],
              [
                1.52674565,
                44.67693074
              ],
              [
                1.52687805,
                44.67704469
              ],
              [
                1.52701564,
                44.67715547
              ],
              [
                1.52715825,
                44.67726296
              ],
              [
                1.52730574,
                44.67736705
              ],
              [
                1.52732322,
                44.67737899
              ],
              [
                1.5274662,
                44.67747365
              ],
              [
                1.52761322,
                44.67756511
              ],
              [
                1.52776413,
                44.67765329
              ],
              [
                1.52791879,
                44.6777381
              ],
              [
                1.52807705,
                44.67781946
              ],
              [
                1.52823876,
                44.67789728
              ],
              [
                1.52840377,
                44.6779715
              ],
              [
                1.52857191,
                44.67804205
              ],
              [
                1.52874303,
                44.67810885
              ],
              [
                1.52891697,
                44.67817185
              ],
              [
                1.52909355,
                44.67823098
              ],
              [
                1.5292726,
                44.67828618
              ],
              [
                1.52945397,
                44.67833741
              ],
              [
                1.52963747,
                44.67838462
              ],
              [
                1.52982292,
                44.67842775
              ],
              [
                1.53001016,
                44.67846677
              ],
              [
                1.53019899,
                44.67850165
              ],
              [
                1.53038925,
                44.67853234
              ],
              [
                1.53058075,
                44.67855882
              ],
              [
                1.5307733,
                44.67858106
              ],
              [
                1.53096673,
                44.67859905
              ],
              [
                1.53116084,
                44.67861276
              ],
              [
                1.53135546,
                44.67862218
              ],
              [
                1.53155039,
                44.67862731
              ],
              [
                1.53174544,
                44.67862813
              ],
              [
                1.53194044,
                44.67862465
              ],
              [
                1.5321352,
                44.67861687
              ],
              [
                1.53232953,
                44.6786048
              ],
              [
                1.53235659,
                44.67860281
              ],
              [
                1.53254459,
                44.678587
              ],
              [
                1.53254998,
                44.67858643
              ],
              [
                1.53255477,
                44.67858642
              ],
              [
                1.53258128,
                44.67858605
              ],
              [
                1.53277508,
                44.67858123
              ],
              [
                1.53296857,
                44.67857216
              ],
              [
                1.53316159,
                44.67855885
              ],
              [
                1.53335394,
                44.67854132
              ],
              [
                1.53354545,
                44.67851957
              ],
              [
                1.53373593,
                44.67849364
              ],
              [
                1.5339252,
                44.67846354
              ],
              [
                1.53411308,
                44.6784293
              ],
              [
                1.5342994,
                44.67839096
              ],
              [
                1.53448398,
                44.67834856
              ],
              [
                1.53466665,
                44.67830212
              ],
              [
                1.53484723,
                44.6782517
              ],
              [
                1.53502555,
                44.67819735
              ],
              [
                1.53520145,
                44.67813911
              ],
              [
                1.53537476,
                44.67807704
              ],
              [
                1.53554531,
                44.6780112
              ],
              [
                1.53571294,
                44.67794165
              ],
              [
                1.5358775,
                44.67786846
              ],
              [
                1.53603882,
                44.67779169
              ],
              [
                1.53619677,
                44.67771142
              ],
              [
                1.53635118,
                44.67762773
              ],
              [
                1.53637051,
                44.67761691
              ],
              [
                1.53652715,
                44.67752635
              ],
              [
                1.53667965,
                44.67743226
              ],
              [
                1.53682786,
                44.67733475
              ],
              [
                1.53697162,
                44.6772339
              ],
              [
                1.5371108,
                44.67712983
              ],
              [
                1.53724524,
                44.67702264
              ],
              [
                1.53737481,
                44.67691244
              ],
              [
                1.53749939,
                44.67679934
              ],
              [
                1.53761883,
                44.67668346
              ],
              [
                1.53773302,
                44.67656492
              ],
              [
                1.53784185,
                44.67644383
              ],
              [
                1.53794519,
                44.67632032
              ],
              [
                1.53795432,
                44.67630901
              ],
              [
                1.53805082,
                44.6761849
              ],
              [
                1.53814179,
                44.67605867
              ],
              [
                1.53822713,
                44.67593047
              ],
              [
                1.53830677,
                44.67580041
              ],
              [
                1.53838062,
                44.67566862
              ],
              [
                1.53844861,
                44.67553523
              ],
              [
                1.53851068,
                44.67540039
              ],
              [
                1.53856675,
                44.67526421
              ],
              [
                1.53861678,
                44.67512684
              ],
              [
                1.53866071,
                44.67498841
              ],
              [
                1.53869851,
                44.67484907
              ],
              [
                1.53873013,
                44.67470894
              ],
              [
                1.53875554,
                44.67456817
              ],
              [
                1.53877472,
                44.6744269
              ],
              [
                1.53878765,
                44.67428527
              ],
              [
                1.53879431,
                44.67414341
              ],
              [
                1.5387947,
                44.67400148
              ],
              [
                1.53878882,
                44.67385961
              ],
              [
                1.5387787,
                44.67374147
              ],
              [
                1.53877884,
                44.67373709
              ],
              [
                1.53877718,
                44.67359595
              ],
              [
                1.53876933,
                44.67345492
              ],
              [
                1.53875528,
                44.67331414
              ],
              [
                1.53873506,
                44.67317373
              ],
              [
                1.53870867,
                44.67303385
              ],
              [
                1.53867616,
                44.67289463
              ],
              [
                1.53863754,
                44.67275621
              ],
              [
                1.53859286,
                44.67261871
              ],
              [
                1.53854216,
                44.67248229
              ],
              [
                1.53848549,
                44.67234706
              ],
              [
                1.53842291,
                44.67221317
              ],
              [
                1.53841816,
                44.67220398
              ],
              [
                1.53841467,
                44.6721961
              ],
              [
                1.53834734,
                44.67205954
              ],
              [
                1.5382739,
                44.67192459
              ],
              [
                1.53819441,
                44.67179139
              ],
              [
                1.53818315,
                44.67177333
              ],
              [
                1.53809815,
                44.67164269
              ],
              [
                1.53800734,
                44.67151406
              ],
              [
                1.53791081,
                44.67138757
              ],
              [
                1.53780866,
                44.67126335
              ],
              [
                1.53770099,
                44.67114153
              ],
              [
                1.53758792,
                44.67102222
              ],
              [
                1.53746955,
                44.67090556
              ],
              [
                1.53734602,
                44.67079166
              ],
              [
                1.53721744,
                44.67068063
              ],
              [
                1.53708396,
                44.6705726
              ],
              [
                1.53694569,
                44.67046767
              ],
              [
                1.5368028,
                44.67036595
              ],
              [
                1.53665542,
                44.67026755
              ],
              [
                1.5365037,
                44.67017256
              ],
              [
                1.5363478,
                44.67008108
              ],
              [
                1.53618788,
                44.66999321
              ],
              [
                1.53602411,
                44.66990903
              ],
              [
                1.53585664,
                44.66982864
              ],
              [
                1.53568566,
                44.66975211
              ],
              [
                1.53551133,
                44.66967952
              ],
              [
                1.53543103,
                44.6696473
              ],
              [
                1.5352522,
                44.66957823
              ],
              [
                1.53507035,
                44.66951332
              ],
              [
                1.53488566,
                44.66945261
              ],
              [
                1.53469832,
                44.66939619
              ],
              [
                1.53450854,
                44.6693441
              ],
              [
                1.53431649,
                44.66929641
              ],
              [
                1.5341224,
                44.66925315
              ],
              [
                1.53392645,
                44.66921439
              ],
              [
                1.53372886,
                44.66918014
              ],
              [
                1.53364647,
                44.66916786
              ],
              [
                1.53353336,
                44.66914632
              ],
              [
                1.5333414,
                44.66911431
              ],
              [
                1.53314813,
                44.6690866
              ],
              [
                1.53295374,
                44.66906321
              ],
              [
                1.53275842,
                44.66904416
              ],
              [
                1.53256237,
                44.66902948
              ],
              [
                1.53236577,
                44.66901918
              ],
              [
                1.53216881,
                44.66901327
              ],
              [
                1.53197169,
                44.66901175
              ],
              [
                1.5317746,
                44.66901463
              ],
              [
                1.53157773,
                44.6690219
              ],
              [
                1.53138127,
                44.66903356
              ],
              [
                1.53118542,
                44.66904959
              ],
              [
                1.53099037,
                44.66906998
              ],
              [
                1.53079631,
                44.6690947
              ],
              [
                1.53060342,
                44.66912375
              ],
              [
                1.5304119,
                44.66915708
              ],
              [
                1.53027235,
                44.66918469
              ],
              [
                1.53015987,
                44.66920561
              ],
              [
                1.52997068,
                44.66924535
              ],
              [
                1.52978331,
                44.66928929
              ],
              [
                1.52959797,
                44.66933738
              ],
              [
                1.52941482,
                44.66938959
              ],
              [
                1.52923405,
                44.66944586
              ],
              [
                1.52905583,
                44.66950613
              ],
              [
                1.52888034,
                44.66957035
              ],
              [
                1.52870774,
                44.66963845
              ],
              [
                1.52853822,
                44.66971037
              ],
              [
                1.52837192,
                44.66978603
              ],
              [
                1.52820903,
                44.66986537
              ],
              [
                1.52804968,
                44.6699483
              ],
              [
                1.52789405,
                44.67003474
              ],
              [
                1.52774228,
                44.67012462
              ],
              [
                1.52759452,
                44.67021783
              ],
              [
                1.52745092,
                44.6703143
              ],
              [
                1.52731161,
                44.67041392
              ],
              [
                1.52717673,
                44.67051661
              ],
              [
                1.52704642,
                44.67062225
              ],
              [
                1.5269208,
                44.67073074
              ],
              [
                1.52679999,
                44.67084199
              ],
              [
                1.52668412,
                44.67095587
              ],
              [
                1.52657329,
                44.67107228
              ],
              [
                1.52646761,
                44.67119111
              ],
              [
                1.52636719,
                44.67131224
              ],
              [
                1.52627213,
                44.67143555
              ],
              [
                1.52618252,
                44.67156092
              ],
              [
                1.52609844,
                44.67168823
              ],
              [
                1.52601997,
                44.67181735
              ],
              [
                1.52594721,
                44.67194815
              ],
              [
                1.52588021,
                44.67208052
              ],
              [
                1.52583764,
                44.67216892
              ],
              [
                1.52577599,
                44.67230382
              ],
              [
                1.52572033,
                44.67244004
              ],
              [
                1.52567072,
                44.67257745
              ],
              [
                1.52562719,
                44.6727159
              ],
              [
                1.52558981,
                44.67285527
              ],
              [
                1.52558364,
                44.67288297
              ]
            ]
          ]
        ]
      },
      "properties": {
        "name": "Abords (500 m) — Château (Vaillac)",
        "kind": "perimetre",
        "source": "GPU (servitude AC1, UDAP 46) — data.geopf.fr WFS wfs_sup:assiette_sup_s, verifie 2026-09-27",
        "description": "[FAIT] Perimetre officiel des abords (servitude AC1, zone tampon 500 m) de « Château (Vaillac) » (PA00095277) — geometrie GPU AC1_Chateau-de-Vaillac-IAZZ8U_abor, remplace le cercle theorique calcule precedemment (qui omettait la surface hors du cercle mais dans le tampon officiel). Abords de monument historique (servitude AC1, zone tampon officielle de 500 m autour de l'emprise protegee, sans Perimetre Delimite des Abords - PDA). La protection ne s'applique qu'aux immeubles visibles du monument ou visibles en meme temps que lui (art. L621-30 code du patrimoine). Seuls les travaux modifiant l'aspect exterieur d'un immeuble concerne sont soumis a autorisation avec accord de l'Architecte des Batiments de France (art. L621-32 code du patrimoine). Detection metal a visee historique ou archeologique soumise partout a autorisation prealable, quel que soit le lieu (art. L542-1 code du patrimoine). Localisation : environnement large (hors emprise d'etude 7x7km).",
        "ref": "PA00095277"
      },
      "id": "perimetre-04"
    },
    {
      "type": "Feature",
      "geometry": {
        "type": "MultiPolygon",
        "coordinates": [
          [
            [
              [
                1.5400148,
                44.69819622
              ],
              [
                1.53996519,
                44.69833209
              ],
              [
                1.53992155,
                44.698469
              ],
              [
                1.53988392,
                44.69860681
              ],
              [
                1.53985234,
                44.6987454
              ],
              [
                1.53982682,
                44.69888461
              ],
              [
                1.53980741,
                44.69902433
              ],
              [
                1.53979412,
                44.69916441
              ],
              [
                1.53978695,
                44.69930472
              ],
              [
                1.53978593,
                44.69944512
              ],
              [
                1.53979105,
                44.69958548
              ],
              [
                1.5398023,
                44.69972565
              ],
              [
                1.53981967,
                44.69986551
              ],
              [
                1.53984315,
                44.70000491
              ],
              [
                1.53987272,
                44.70014372
              ],
              [
                1.53990834,
                44.7002818
              ],
              [
                1.53994998,
                44.70041903
              ],
              [
                1.5399976,
                44.70055526
              ],
              [
                1.54005116,
                44.70069037
              ],
              [
                1.5401106,
                44.70082421
              ],
              [
                1.54017586,
                44.70095668
              ],
              [
                1.54024689,
                44.70108762
              ],
              [
                1.5403236,
                44.70121693
              ],
              [
                1.54040594,
                44.70134446
              ],
              [
                1.54049381,
                44.7014701
              ],
              [
                1.54058713,
                44.70159372
              ],
              [
                1.54068581,
                44.70171521
              ],
              [
                1.54078976,
                44.70183445
              ],
              [
                1.54089887,
                44.70195131
              ],
              [
                1.54091868,
                44.70197116
              ],
              [
                1.54095524,
                44.70201001
              ],
              [
                1.54106901,
                44.70212318
              ],
              [
                1.54118763,
                44.70223378
              ],
              [
                1.54131099,
                44.70234171
              ],
              [
                1.54143897,
                44.70244687
              ],
              [
                1.54157146,
                44.70254915
              ],
              [
                1.54170831,
                44.70264846
              ],
              [
                1.54184941,
                44.70274471
              ],
              [
                1.54199461,
                44.7028378
              ],
              [
                1.54214379,
                44.70292764
              ],
              [
                1.54229679,
                44.70301414
              ],
              [
                1.54245346,
                44.70309723
              ],
              [
                1.54261367,
                44.70317683
              ],
              [
                1.54277725,
                44.70325285
              ],
              [
                1.54294405,
                44.70332522
              ],
              [
                1.54311391,
                44.70339389
              ],
              [
                1.54328667,
                44.70345877
              ],
              [
                1.54346216,
                44.70351981
              ],
              [
                1.54364021,
                44.70357695
              ],
              [
                1.54382066,
                44.70363013
              ],
              [
                1.54400333,
                44.70367931
              ],
              [
                1.54418804,
                44.70372443
              ],
              [
                1.54426949,
                44.70374333
              ],
              [
                1.54446003,
                44.70378518
              ],
              [
                1.54465233,
                44.70382272
              ],
              [
                1.54484619,
                44.7038559
              ],
              [
                1.54504142,
                44.70388471
              ],
              [
                1.54523784,
                44.7039091
              ],
              [
                1.54543524,
                44.70392905
              ],
              [
                1.54563342,
                44.70394455
              ],
              [
                1.54583219,
                44.70395558
              ],
              [
                1.54603135,
                44.70396212
              ],
              [
                1.54623069,
                44.70396417
              ],
              [
                1.54643003,
                44.70396173
              ],
              [
                1.54662917,
                44.70395481
              ],
              [
                1.54682789,
                44.7039434
              ],
              [
                1.54702602,
                44.70392752
              ],
              [
                1.54722334,
                44.70390718
              ],
              [
                1.54741966,
                44.70388241
              ],
              [
                1.54761478,
                44.70385323
              ],
              [
                1.54780852,
                44.70381967
              ],
              [
                1.54800067,
                44.70378177
              ],
              [
                1.54819105,
                44.70373955
              ],
              [
                1.54837947,
                44.70369307
              ],
              [
                1.54856573,
                44.70364236
              ],
              [
                1.54874965,
                44.70358749
              ],
              [
                1.54893105,
                44.7035285
              ],
              [
                1.54910975,
                44.70346545
              ],
              [
                1.54928556,
                44.70339841
              ],
              [
                1.54945832,
                44.70332744
              ],
              [
                1.54962785,
                44.70325262
              ],
              [
                1.54974034,
                44.70319939
              ],
              [
                1.54978892,
                44.70317714
              ],
              [
                1.54980259,
                44.70317066
              ],
              [
                1.54996532,
                44.70309086
              ],
              [
                1.55012447,
                44.70300747
              ],
              [
                1.55027988,
                44.70292057
              ],
              [
                1.5504314,
                44.70283025
              ],
              [
                1.55057889,
                44.70273659
              ],
              [
                1.55072219,
                44.70263969
              ],
              [
                1.55086118,
                44.70253963
              ],
              [
                1.5509957,
                44.70243653
              ],
              [
                1.55112564,
                44.70233047
              ],
              [
                1.55125086,
                44.70222156
              ],
              [
                1.55126262,
                44.702211
              ],
              [
                1.55138497,
                44.70209747
              ],
              [
                1.55150219,
                44.70198122
              ],
              [
                1.55161417,
                44.70186237
              ],
              [
                1.55172079,
                44.70174105
              ],
              [
                1.55182195,
                44.70161736
              ],
              [
                1.55191753,
                44.70149144
              ],
              [
                1.55200746,
                44.70136342
              ],
              [
                1.55209163,
                44.70123342
              ],
              [
                1.55216996,
                44.70110158
              ],
              [
                1.55224236,
                44.70096803
              ],
              [
                1.55230878,
                44.7008329
              ],
              [
                1.55236914,
                44.70069634
              ],
              [
                1.55242337,
                44.70055848
              ],
              [
                1.55247143,
                44.70041945
              ],
              [
                1.55251327,
                44.70027941
              ],
              [
                1.55251745,
                44.70026424
              ],
              [
                1.55255168,
                44.70012912
              ],
              [
                1.55258012,
                44.69999331
              ],
              [
                1.55260274,
                44.69985695
              ],
              [
                1.55261951,
                44.69972016
              ],
              [
                1.55263043,
                44.69958307
              ],
              [
                1.55263548,
                44.6994458
              ],
              [
                1.55263466,
                44.69930849
              ],
              [
                1.55262797,
                44.69917126
              ],
              [
                1.55261541,
                44.69903424
              ],
              [
                1.55260913,
                44.69897878
              ],
              [
                1.55258986,
                44.69883665
              ],
              [
                1.55256428,
                44.69869502
              ],
              [
                1.55253241,
                44.69855404
              ],
              [
                1.55249429,
                44.69841385
              ],
              [
                1.55244996,
                44.6982746
              ],
              [
                1.55239945,
                44.69813642
              ],
              [
                1.55234283,
                44.69799945
              ],
              [
                1.55228014,
                44.69786383
              ],
              [
                1.55221146,
                44.6977297
              ],
              [
                1.55213684,
                44.69759719
              ],
              [
                1.55205637,
                44.69746643
              ],
              [
                1.55197012,
                44.69733756
              ],
              [
                1.55187819,
                44.69721071
              ],
              [
                1.55178066,
                44.697086
              ],
              [
                1.55167764,
                44.69696356
              ],
              [
                1.55156922,
                44.69684351
              ],
              [
                1.55145552,
                44.69672597
              ],
              [
                1.55133665,
                44.69661107
              ],
              [
                1.55121273,
                44.69649891
              ],
              [
                1.55108389,
                44.69638961
              ],
              [
                1.55095025,
                44.69628328
              ],
              [
                1.55081195,
                44.69618003
              ],
              [
                1.55066913,
                44.69607996
              ],
              [
                1.55052193,
                44.69598317
              ],
              [
                1.5503705,
                44.69588976
              ],
              [
                1.550215,
                44.69579983
              ],
              [
                1.55005557,
                44.69571345
              ],
              [
                1.54989239,
                44.69563073
              ],
              [
                1.5497256,
                44.69555174
              ],
              [
                1.54955539,
                44.69547656
              ],
              [
                1.54938192,
                44.69540527
              ],
              [
                1.54920537,
                44.69533794
              ],
              [
                1.54902592,
                44.69527464
              ],
              [
                1.54884374,
                44.69521543
              ],
              [
                1.54865902,
                44.69516037
              ],
              [
                1.54847194,
                44.69510952
              ],
              [
                1.5482827,
                44.69506292
              ],
              [
                1.54809148,
                44.69502063
              ],
              [
                1.54795575,
                44.69499229
              ],
              [
                1.5477671,
                44.69495515
              ],
              [
                1.54757693,
                44.6949222
              ],
              [
                1.54738542,
                44.69489348
              ],
              [
                1.54719275,
                44.694869
              ],
              [
                1.54699911,
                44.69484879
              ],
              [
                1.54680469,
                44.69483288
              ],
              [
                1.54660967,
                44.69482128
              ],
              [
                1.54641424,
                44.69481399
              ],
              [
                1.54621858,
                44.69481103
              ],
              [
                1.54602289,
                44.69481239
              ],
              [
                1.54582735,
                44.69481808
              ],
              [
                1.54563216,
                44.6948281
              ],
              [
                1.54543749,
                44.69484242
              ],
              [
                1.54524354,
                44.69486105
              ],
              [
                1.5450505,
                44.69488395
              ],
              [
                1.54485854,
                44.69491112
              ],
              [
                1.54466785,
                44.69494251
              ],
              [
                1.54447862,
                44.69497811
              ],
              [
                1.54429103,
                44.69501787
              ],
              [
                1.54410526,
                44.69506176
              ],
              [
                1.54392148,
                44.69510974
              ],
              [
                1.54373988,
                44.69516177
              ],
              [
                1.54356062,
                44.69521778
              ],
              [
                1.54338389,
                44.69527773
              ],
              [
                1.54332338,
                44.69529908
              ],
              [
                1.54314855,
                44.69536321
              ],
              [
                1.54297661,
                44.69543119
              ],
              [
                1.54280772,
                44.69550296
              ],
              [
                1.54264205,
                44.69557844
              ],
              [
                1.54247975,
                44.69565757
              ],
              [
                1.54232099,
                44.69574026
              ],
              [
                1.54216591,
                44.69582644
              ],
              [
                1.54201467,
                44.69591603
              ],
              [
                1.54186742,
                44.69600893
              ],
              [
                1.54172429,
                44.69610505
              ],
              [
                1.54158543,
                44.69620431
              ],
              [
                1.54145097,
                44.69630661
              ],
              [
                1.54132105,
                44.69641184
              ],
              [
                1.54119578,
                44.69651991
              ],
              [
                1.54107529,
                44.69663071
              ],
              [
                1.5409597,
                44.69674413
              ],
              [
                1.54084911,
                44.69686006
              ],
              [
                1.54074365,
                44.6969784
              ],
              [
                1.5406434,
                44.69709902
              ],
              [
                1.54054846,
                44.69722181
              ],
              [
                1.54045893,
                44.69734665
              ],
              [
                1.5403749,
                44.69747341
              ],
              [
                1.54029645,
                44.69760199
              ],
              [
                1.54022364,
                44.69773224
              ],
              [
                1.54015656,
                44.69786405
              ],
              [
                1.54009527,
                44.69799728
              ],
              [
                1.54003982,
                44.69813181
              ],
              [
                1.5400148,
                44.69819622
              ]
            ]
          ]
        ]
      },
      "properties": {
        "name": "Abords (500 m) — Église Saint-Martin (Séniergues)",
        "kind": "perimetre",
        "source": "GPU (servitude AC1, UDAP 46) — data.geopf.fr WFS wfs_sup:assiette_sup_s, verifie 2026-09-27",
        "description": "[FAIT] Perimetre officiel des abords (servitude AC1, zone tampon 500 m) de « Église Saint-Martin (Séniergues) » (PA00095259) — geometrie GPU AC1_Eglise-paroissiale-Saint-Martin-IDA9QJ_abor, remplace le cercle theorique calcule precedemment (qui omettait la surface hors du cercle mais dans le tampon officiel). Abords de monument historique (servitude AC1, zone tampon officielle de 500 m autour de l'emprise protegee, sans Perimetre Delimite des Abords - PDA). La protection ne s'applique qu'aux immeubles visibles du monument ou visibles en meme temps que lui (art. L621-30 code du patrimoine). Seuls les travaux modifiant l'aspect exterieur d'un immeuble concerne sont soumis a autorisation avec accord de l'Architecte des Batiments de France (art. L621-32 code du patrimoine). Detection metal a visee historique ou archeologique soumise partout a autorisation prealable, quel que soit le lieu (art. L542-1 code du patrimoine). Localisation : environnement large (hors emprise d'etude 7x7km).",
        "ref": "PA00095259"
      },
      "id": "perimetre-05"
    },
    {
      "type": "Feature",
      "geometry": {
        "type": "MultiPolygon",
        "coordinates": [
          [
            [
              [
                1.56347127,
                44.68386022
              ],
              [
                1.56343905,
                44.68385519
              ],
              [
                1.56324356,
                44.6838293
              ],
              [
                1.56304702,
                44.68380781
              ],
              [
                1.56284963,
                44.68379075
              ],
              [
                1.56265158,
                44.68377813
              ],
              [
                1.56245308,
                44.68376997
              ],
              [
                1.56225431,
                44.68376628
              ],
              [
                1.56205548,
                44.68376706
              ],
              [
                1.56185679,
                44.6837723
              ],
              [
                1.56165842,
                44.68378201
              ],
              [
                1.56146058,
                44.68379618
              ],
              [
                1.56126346,
                44.68381478
              ],
              [
                1.56106727,
                44.68383781
              ],
              [
                1.56087218,
                44.68386523
              ],
              [
                1.56067841,
                44.68389702
              ],
              [
                1.56059359,
                44.68391195
              ],
              [
                1.56040108,
                44.68394813
              ],
              [
                1.56021025,
                44.68398863
              ],
              [
                1.56002132,
                44.6840334
              ],
              [
                1.559915,
                44.68405993
              ],
              [
                1.55972706,
                44.68410923
              ],
              [
                1.55954141,
                44.68416275
              ],
              [
                1.55935824,
                44.68422046
              ],
              [
                1.55917772,
                44.68428228
              ],
              [
                1.55900004,
                44.68434815
              ],
              [
                1.55882538,
                44.68441801
              ],
              [
                1.55865392,
                44.68449179
              ],
              [
                1.55848582,
                44.68456942
              ],
              [
                1.55832126,
                44.68465081
              ],
              [
                1.5581604,
                44.68473589
              ],
              [
                1.55800341,
                44.68482456
              ],
              [
                1.55785044,
                44.68491674
              ],
              [
                1.55770164,
                44.68501234
              ],
              [
                1.55755718,
                44.68511126
              ],
              [
                1.55741718,
                44.6852134
              ],
              [
                1.5572818,
                44.68531866
              ],
              [
                1.55715117,
                44.68542693
              ],
              [
                1.55702542,
                44.6855381
              ],
              [
                1.55690467,
                44.68565206
              ],
              [
                1.55678906,
                44.6857687
              ],
              [
                1.55667869,
                44.68588789
              ],
              [
                1.55657368,
                44.68600953
              ],
              [
                1.55647413,
                44.68613348
              ],
              [
                1.55638014,
                44.68625962
              ],
              [
                1.55629181,
                44.68638782
              ],
              [
                1.55620923,
                44.68651796
              ],
              [
                1.55613248,
                44.68664991
              ],
              [
                1.55606163,
                44.68678352
              ],
              [
                1.55599676,
                44.68691867
              ],
              [
                1.55593794,
                44.68705522
              ],
              [
                1.55588522,
                44.68719304
              ],
              [
                1.55583865,
                44.68733197
              ],
              [
                1.55579829,
                44.6874719
              ],
              [
                1.55576418,
                44.68761266
              ],
              [
                1.55573634,
                44.68775413
              ],
              [
                1.55571481,
                44.68789615
              ],
              [
                1.5556996,
                44.68803859
              ],
              [
                1.55569074,
                44.68818131
              ],
              [
                1.55568968,
                44.68820804
              ],
              [
                1.5556872,
                44.68835605
              ],
              [
                1.55569154,
                44.68850404
              ],
              [
                1.55570271,
                44.68865184
              ],
              [
                1.55572067,
                44.68879931
              ],
              [
                1.55574543,
                44.68894627
              ],
              [
                1.55577695,
                44.68909258
              ],
              [
                1.55581519,
                44.68923806
              ],
              [
                1.55586012,
                44.68938257
              ],
              [
                1.55591168,
                44.68952595
              ],
              [
                1.55596983,
                44.68966804
              ],
              [
                1.55597376,
                44.6896771
              ],
              [
                1.55603353,
                44.68980763
              ],
              [
                1.55606984,
                44.68988302
              ],
              [
                1.55613411,
                44.69001019
              ],
              [
                1.5562037,
                44.69013594
              ],
              [
                1.55627856,
                44.69026013
              ],
              [
                1.55635861,
                44.69038267
              ],
              [
                1.55644378,
                44.69050343
              ],
              [
                1.556534,
                44.69062232
              ],
              [
                1.55662918,
                44.69073922
              ],
              [
                1.55668357,
                44.69080377
              ],
              [
                1.55678839,
                44.69092385
              ],
              [
                1.55689845,
                44.69104153
              ],
              [
                1.55701365,
                44.69115668
              ],
              [
                1.55713385,
                44.69126919
              ],
              [
                1.55725896,
                44.69137896
              ],
              [
                1.55738883,
                44.69148586
              ],
              [
                1.55752336,
                44.6915898
              ],
              [
                1.55766239,
                44.69169067
              ],
              [
                1.55780581,
                44.69178838
              ],
              [
                1.55795345,
                44.69188282
              ],
              [
                1.55810518,
                44.69197391
              ],
              [
                1.55826086,
                44.69206155
              ],
              [
                1.55842031,
                44.69214566
              ],
              [
                1.55858339,
                44.69222615
              ],
              [
                1.55874994,
                44.69230295
              ],
              [
                1.55891979,
                44.69237598
              ],
              [
                1.55909277,
                44.69244516
              ],
              [
                1.55926872,
                44.69251043
              ],
              [
                1.55944745,
                44.69257173
              ],
              [
                1.5596288,
                44.69262898
              ],
              [
                1.55981258,
                44.69268215
              ],
              [
                1.55999861,
                44.69273117
              ],
              [
                1.56018671,
                44.69277599
              ],
              [
                1.56037669,
                44.69281658
              ],
              [
                1.56056836,
                44.69285289
              ],
              [
                1.56076154,
                44.69288488
              ],
              [
                1.56095604,
                44.69291253
              ],
              [
                1.56115165,
                44.6929358
              ],
              [
                1.5613482,
                44.69295468
              ],
              [
                1.56154548,
                44.69296915
              ],
              [
                1.5617433,
                44.69297918
              ],
              [
                1.56194146,
                44.69298477
              ],
              [
                1.56213977,
                44.69298592
              ],
              [
                1.56233804,
                44.69298263
              ],
              [
                1.56253606,
                44.69297489
              ],
              [
                1.56273365,
                44.69296272
              ],
              [
                1.5629306,
                44.69294612
              ],
              [
                1.56312672,
                44.69292512
              ],
              [
                1.56332181,
                44.69289973
              ],
              [
                1.5635157,
                44.69286998
              ],
              [
                1.56358948,
                44.69285779
              ],
              [
                1.5637814,
                44.69282382
              ],
              [
                1.56397173,
                44.69278557
              ],
              [
                1.5641603,
                44.69274308
              ],
              [
                1.56417886,
                44.69273844
              ],
              [
                1.56421704,
                44.69273044
              ],
              [
                1.56440398,
                44.69268673
              ],
              [
                1.56458893,
                44.69263888
              ],
              [
                1.5647717,
                44.69258693
              ],
              [
                1.5649521,
                44.69253095
              ],
              [
                1.56512998,
                44.69247099
              ],
              [
                1.56530514,
                44.6924071
              ],
              [
                1.56547743,
                44.69233934
              ],
              [
                1.56564667,
                44.69226779
              ],
              [
                1.56581271,
                44.69219251
              ],
              [
                1.56597537,
                44.69211357
              ],
              [
                1.5661345,
                44.69203106
              ],
              [
                1.56628995,
                44.69194504
              ],
              [
                1.56644157,
                44.69185561
              ],
              [
                1.5665892,
                44.69176285
              ],
              [
                1.5667327,
                44.69166686
              ],
              [
                1.56687195,
                44.69156772
              ],
              [
                1.56700679,
                44.69146553
              ],
              [
                1.5671371,
                44.6913604
              ],
              [
                1.56726275,
                44.69125241
              ],
              [
                1.56738362,
                44.69114169
              ],
              [
                1.56749959,
                44.69102833
              ],
              [
                1.56761055,
                44.69091245
              ],
              [
                1.5677164,
                44.69079415
              ],
              [
                1.56781702,
                44.69067356
              ],
              [
                1.56791232,
                44.69055079
              ],
              [
                1.56800222,
                44.69042597
              ],
              [
                1.56808661,
                44.6902992
              ],
              [
                1.56816542,
                44.69017062
              ],
              [
                1.56823858,
                44.69004035
              ],
              [
                1.568306,
                44.68990851
              ],
              [
                1.56836764,
                44.68977524
              ],
              [
                1.56842341,
                44.68964066
              ],
              [
                1.56847328,
                44.68950491
              ],
              [
                1.5685172,
                44.68936812
              ],
              [
                1.56855511,
                44.68923041
              ],
              [
                1.56858699,
                44.68909193
              ],
              [
                1.5686128,
                44.68895281
              ],
              [
                1.56863252,
                44.68881318
              ],
              [
                1.56864613,
                44.68867319
              ],
              [
                1.56865362,
                44.68853295
              ],
              [
                1.56865497,
                44.68839262
              ],
              [
                1.56865019,
                44.68825233
              ],
              [
                1.56863928,
                44.68811221
              ],
              [
                1.56862226,
                44.6879724
              ],
              [
                1.56859913,
                44.68783304
              ],
              [
                1.56856993,
                44.68769426
              ],
              [
                1.56856591,
                44.68767698
              ],
              [
                1.56855105,
                44.68760069
              ],
              [
                1.56851756,
                44.68746106
              ],
              [
                1.56847792,
                44.68732226
              ],
              [
                1.56843219,
                44.68718442
              ],
              [
                1.56838039,
                44.68704767
              ],
              [
                1.56832259,
                44.68691216
              ],
              [
                1.56825885,
                44.686778
              ],
              [
                1.56818921,
                44.68664535
              ],
              [
                1.56811377,
                44.68651432
              ],
              [
                1.56803258,
                44.68638505
              ],
              [
                1.56794573,
                44.68625767
              ],
              [
                1.5678533,
                44.6861323
              ],
              [
                1.56775539,
                44.68600907
              ],
              [
                1.5676521,
                44.68588809
              ],
              [
                1.56754352,
                44.6857695
              ],
              [
                1.56742976,
                44.6856534
              ],
              [
                1.56731094,
                44.68553991
              ],
              [
                1.56718718,
                44.68542914
              ],
              [
                1.56705859,
                44.68532121
              ],
              [
                1.56692531,
                44.68521621
              ],
              [
                1.56678746,
                44.68511426
              ],
              [
                1.56677952,
                44.68510858
              ],
              [
                1.56663692,
                44.68500955
              ],
              [
                1.56649,
                44.68491378
              ],
              [
                1.56633893,
                44.68482136
              ],
              [
                1.56618384,
                44.68473239
              ],
              [
                1.56602491,
                44.68464695
              ],
              [
                1.56586227,
                44.68456512
              ],
              [
                1.5656961,
                44.684487
              ],
              [
                1.56552656,
                44.68441266
              ],
              [
                1.56535381,
                44.68434216
              ],
              [
                1.56517804,
                44.68427559
              ],
              [
                1.56499941,
                44.684213
              ],
              [
                1.5648181,
                44.68415447
              ],
              [
                1.5646343,
                44.68410004
              ],
              [
                1.56444818,
                44.68404977
              ],
              [
                1.56425994,
                44.68400372
              ],
              [
                1.56406975,
                44.68396192
              ],
              [
                1.56387781,
                44.68392443
              ],
              [
                1.5636843,
                44.68389127
              ],
              [
                1.56348943,
                44.68386248
              ],
              [
                1.56347127,
                44.68386022
              ]
            ]
          ]
        ]
      },
      "properties": {
        "name": "Abords (500 m) — Église (Montfaucon)",
        "kind": "perimetre",
        "source": "GPU (servitude AC1, UDAP 46) — data.geopf.fr WFS wfs_sup:assiette_sup_s, verifie 2026-09-27",
        "description": "[FAIT] Perimetre officiel des abords (servitude AC1, zone tampon 500 m) de « Église (Montfaucon) » (PA00095178) — geometrie GPU AC1_Eglise-paroissiale-Saint-Barthelemy-I5CXR2_abor, remplace le cercle theorique calcule precedemment (qui omettait la surface hors du cercle mais dans le tampon officiel). Abords de monument historique (servitude AC1, zone tampon officielle de 500 m autour de l'emprise protegee, sans Perimetre Delimite des Abords - PDA). La protection ne s'applique qu'aux immeubles visibles du monument ou visibles en meme temps que lui (art. L621-30 code du patrimoine). Seuls les travaux modifiant l'aspect exterieur d'un immeuble concerne sont soumis a autorisation avec accord de l'Architecte des Batiments de France (art. L621-32 code du patrimoine). Detection metal a visee historique ou archeologique soumise partout a autorisation prealable, quel que soit le lieu (art. L542-1 code du patrimoine). Localisation : environnement large (hors emprise d'etude 7x7km).",
        "ref": "PA00095178"
      },
      "id": "perimetre-06"
    },
    {
      "type": "Feature",
      "geometry": {
        "type": "MultiPolygon",
        "coordinates": [
          [
            [
              [
                1.55544242,
                44.58454564
              ],
              [
                1.55552984,
                44.58458326
              ],
              [
                1.55570308,
                44.58465259
              ],
              [
                1.55587929,
                44.58471799
              ],
              [
                1.5560583,
                44.58477938
              ],
              [
                1.55623993,
                44.58483671
              ],
              [
                1.556424,
                44.58488992
              ],
              [
                1.55661033,
                44.58493896
              ],
              [
                1.55679872,
                44.58498377
              ],
              [
                1.556989,
                44.58502432
              ],
              [
                1.55718097,
                44.58506056
              ],
              [
                1.55737445,
                44.58509246
              ],
              [
                1.55745869,
                44.58510436
              ],
              [
                1.55748959,
                44.58510929
              ],
              [
                1.55768281,
                44.58513557
              ],
              [
                1.55787709,
                44.58515753
              ],
              [
                1.55807224,
                44.58517515
              ],
              [
                1.55826806,
                44.5851884
              ],
              [
                1.55834279,
                44.58519261
              ],
              [
                1.5585366,
                44.5852014
              ],
              [
                1.5587307,
                44.58520592
              ],
              [
                1.55892491,
                44.58520615
              ],
              [
                1.55911903,
                44.58520211
              ],
              [
                1.55931288,
                44.58519379
              ],
              [
                1.55950629,
                44.58518121
              ],
              [
                1.55969906,
                44.58516436
              ],
              [
                1.55989101,
                44.58514328
              ],
              [
                1.56008195,
                44.58511798
              ],
              [
                1.56027172,
                44.58508849
              ],
              [
                1.56046013,
                44.58505483
              ],
              [
                1.56064699,
                44.58501703
              ],
              [
                1.56083213,
                44.58497513
              ],
              [
                1.56091611,
                44.58495407
              ],
              [
                1.56106064,
                44.58491903
              ],
              [
                1.56124503,
                44.58486968
              ],
              [
                1.56142716,
                44.58481623
              ],
              [
                1.56160688,
                44.58475875
              ],
              [
                1.56178398,
                44.58469727
              ],
              [
                1.56195832,
                44.58463187
              ],
              [
                1.5621297,
                44.58456261
              ],
              [
                1.56229798,
                44.58448955
              ],
              [
                1.56246297,
                44.58441277
              ],
              [
                1.56262453,
                44.58433234
              ],
              [
                1.56278249,
                44.58424834
              ],
              [
                1.5629367,
                44.58416086
              ],
              [
                1.563087,
                44.58406997
              ],
              [
                1.56323326,
                44.58397577
              ],
              [
                1.56337533,
                44.58387835
              ],
              [
                1.56351306,
                44.5837778
              ],
              [
                1.56364633,
                44.58367422
              ],
              [
                1.56371527,
                44.58361893
              ],
              [
                1.56384515,
                44.58351139
              ],
              [
                1.56397022,
                44.58340098
              ],
              [
                1.56409035,
                44.5832878
              ],
              [
                1.56420542,
                44.58317197
              ],
              [
                1.56431533,
                44.5830536
              ],
              [
                1.56441995,
                44.58293282
              ],
              [
                1.56451918,
                44.58280973
              ],
              [
                1.56461293,
                44.58268446
              ],
              [
                1.5647011,
                44.58255715
              ],
              [
                1.56478361,
                44.58242791
              ],
              [
                1.56486037,
                44.58229687
              ],
              [
                1.5649313,
                44.58216417
              ],
              [
                1.56499634,
                44.58202993
              ],
              [
                1.56505542,
                44.58189429
              ],
              [
                1.56510848,
                44.58175739
              ],
              [
                1.56515546,
                44.58161936
              ],
              [
                1.56519634,
                44.58148034
              ],
              [
                1.56523105,
                44.58134046
              ],
              [
                1.56525957,
                44.58119988
              ],
              [
                1.56528186,
                44.58105872
              ],
              [
                1.56529792,
                44.58091712
              ],
              [
                1.56530771,
                44.58077524
              ],
              [
                1.56531123,
                44.5806332
              ],
              [
                1.56530849,
                44.58049116
              ],
              [
                1.56529947,
                44.58034925
              ],
              [
                1.56528419,
                44.58020761
              ],
              [
                1.56527892,
                44.58016712
              ],
              [
                1.56525755,
                44.58002679
              ],
              [
                1.56523003,
                44.57988701
              ],
              [
                1.5651964,
                44.57974792
              ],
              [
                1.56515668,
                44.57960965
              ],
              [
                1.56511091,
                44.57947234
              ],
              [
                1.56505915,
                44.57933612
              ],
              [
                1.56500143,
                44.57920113
              ],
              [
                1.56493782,
                44.57906749
              ],
              [
                1.56486838,
                44.57893535
              ],
              [
                1.56479317,
                44.57880483
              ],
              [
                1.56471228,
                44.57867606
              ],
              [
                1.56462578,
                44.57854917
              ],
              [
                1.56453375,
                44.57842427
              ],
              [
                1.56443629,
                44.5783015
              ],
              [
                1.56433349,
                44.57818098
              ],
              [
                1.56422546,
                44.57806281
              ],
              [
                1.56411229,
                44.57794713
              ],
              [
                1.56399411,
                44.57783404
              ],
              [
                1.56387102,
                44.57772365
              ],
              [
                1.56374316,
                44.57761608
              ],
              [
                1.56361063,
                44.57751142
              ],
              [
                1.56347358,
                44.57740979
              ],
              [
                1.56333214,
                44.57731127
              ],
              [
                1.56318645,
                44.57721598
              ],
              [
                1.56303665,
                44.57712399
              ],
              [
                1.56288289,
                44.57703541
              ],
              [
                1.56272532,
                44.57695032
              ],
              [
                1.5625641,
                44.5768688
              ],
              [
                1.56239937,
                44.57679094
              ],
              [
                1.56223132,
                44.5767168
              ],
              [
                1.56206009,
                44.57664646
              ],
              [
                1.56188586,
                44.57658
              ],
              [
                1.56170881,
                44.57651748
              ],
              [
                1.56152909,
                44.57645895
              ],
              [
                1.5613469,
                44.57640448
              ],
              [
                1.56116241,
                44.57635412
              ],
              [
                1.5609758,
                44.57630792
              ],
              [
                1.56078726,
                44.57626592
              ],
              [
                1.56059697,
                44.57622817
              ],
              [
                1.56040511,
                44.5761947
              ],
              [
                1.56021188,
                44.57616554
              ],
              [
                1.56015033,
                44.57615769
              ],
              [
                1.56001955,
                44.57613862
              ],
              [
                1.5598248,
                44.57611476
              ],
              [
                1.55962911,
                44.57609527
              ],
              [
                1.55943265,
                44.57608017
              ],
              [
                1.55923563,
                44.57606949
              ],
              [
                1.55903824,
                44.57606324
              ],
              [
                1.55884067,
                44.57606141
              ],
              [
                1.55875664,
                44.57606157
              ],
              [
                1.55855152,
                44.57606436
              ],
              [
                1.55834664,
                44.57607192
              ],
              [
                1.55814221,
                44.57608425
              ],
              [
                1.55793845,
                44.57610133
              ],
              [
                1.55773558,
                44.57612315
              ],
              [
                1.55753381,
                44.57614967
              ],
              [
                1.55733335,
                44.57618088
              ],
              [
                1.55713443,
                44.57621674
              ],
              [
                1.55701846,
                44.57623909
              ],
              [
                1.5568268,
                44.57627836
              ],
              [
                1.55663696,
                44.57632195
              ],
              [
                1.55644915,
                44.57636981
              ],
              [
                1.55626356,
                44.57642189
              ],
              [
                1.55608036,
                44.57647815
              ],
              [
                1.55589975,
                44.57653853
              ],
              [
                1.5557219,
                44.57660296
              ],
              [
                1.555547,
                44.57667138
              ],
              [
                1.55537521,
                44.57674373
              ],
              [
                1.55520671,
                44.57681992
              ],
              [
                1.55504168,
                44.57689989
              ],
              [
                1.55488026,
                44.57698356
              ],
              [
                1.55472263,
                44.57707083
              ],
              [
                1.55468108,
                44.5770946
              ],
              [
                1.55452634,
                44.57718604
              ],
              [
                1.55437575,
                44.57728096
              ],
              [
                1.55422948,
                44.57737927
              ],
              [
                1.55408766,
                44.57748086
              ],
              [
                1.55395044,
                44.57758562
              ],
              [
                1.55381797,
                44.57769346
              ],
              [
                1.55369037,
                44.57780426
              ],
              [
                1.55356778,
                44.57791792
              ],
              [
                1.55345032,
                44.57803431
              ],
              [
                1.55333811,
                44.57815331
              ],
              [
                1.55323127,
                44.57827481
              ],
              [
                1.5531299,
                44.57839869
              ],
              [
                1.5530341,
                44.57852481
              ],
              [
                1.55294398,
                44.57865305
              ],
              [
                1.55285962,
                44.57878328
              ],
              [
                1.55278111,
                44.57891536
              ],
              [
                1.55270854,
                44.57904916
              ],
              [
                1.55264196,
                44.57918455
              ],
              [
                1.55258146,
                44.57932139
              ],
              [
                1.5525271,
                44.57945954
              ],
              [
                1.55247892,
                44.57959885
              ],
              [
                1.55243698,
                44.5797392
              ],
              [
                1.55240133,
                44.57988042
              ],
              [
                1.55237198,
                44.58002239
              ],
              [
                1.55234899,
                44.58016495
              ],
              [
                1.55233237,
                44.58030797
              ],
              [
                1.55232213,
                44.58045129
              ],
              [
                1.55231829,
                44.58059477
              ],
              [
                1.55232085,
                44.58073826
              ],
              [
                1.55232982,
                44.58088163
              ],
              [
                1.55233417,
                44.58093292
              ],
              [
                1.55234909,
                44.58107271
              ],
              [
                1.5523701,
                44.58121209
              ],
              [
                1.55239718,
                44.58135095
              ],
              [
                1.55243029,
                44.58148913
              ],
              [
                1.5524694,
                44.58162651
              ],
              [
                1.55251449,
                44.58176295
              ],
              [
                1.55256549,
                44.58189832
              ],
              [
                1.55262237,
                44.58203249
              ],
              [
                1.55268507,
                44.58216533
              ],
              [
                1.55275353,
                44.58229671
              ],
              [
                1.55282768,
                44.5824265
              ],
              [
                1.55290745,
                44.58255458
              ],
              [
                1.55299277,
                44.58268082
              ],
              [
                1.55308354,
                44.58280511
              ],
              [
                1.55317969,
                44.58292731
              ],
              [
                1.55328111,
                44.58304731
              ],
              [
                1.55338772,
                44.583165
              ],
              [
                1.5534994,
                44.58328025
              ],
              [
                1.55361605,
                44.58339297
              ],
              [
                1.55373755,
                44.58350303
              ],
              [
                1.5538638,
                44.58361034
              ],
              [
                1.55399465,
                44.58371478
              ],
              [
                1.55413,
                44.58381626
              ],
              [
                1.55426971,
                44.58391468
              ],
              [
                1.55441363,
                44.58400994
              ],
              [
                1.55456164,
                44.58410195
              ],
              [
                1.55471358,
                44.58419063
              ],
              [
                1.55486932,
                44.58427588
              ],
              [
                1.55502869,
                44.58435762
              ],
              [
                1.55519156,
                44.58443577
              ],
              [
                1.55535774,
                44.58451026
              ],
              [
                1.55544242,
                44.58454564
              ]
            ]
          ]
        ]
      },
      "properties": {
        "name": "Abords (500 m) — Église Saint-Martin (Saint-Martin-de-Vers)",
        "kind": "perimetre",
        "source": "GPU (servitude AC1, UDAP 46) — data.geopf.fr WFS wfs_sup:assiette_sup_s, verifie 2026-09-27",
        "description": "[FAIT] Perimetre officiel des abords (servitude AC1, zone tampon 500 m) de « Église Saint-Martin (Saint-Martin-de-Vers) » (PA00095245) — geometrie GPU AC1_Eglise-Saint-Martin-IG36JF_abor, remplace le cercle theorique calcule precedemment (qui omettait la surface hors du cercle mais dans le tampon officiel). Abords de monument historique (servitude AC1, zone tampon officielle de 500 m autour de l'emprise protegee, sans Perimetre Delimite des Abords - PDA). La protection ne s'applique qu'aux immeubles visibles du monument ou visibles en meme temps que lui (art. L621-30 code du patrimoine). Seuls les travaux modifiant l'aspect exterieur d'un immeuble concerne sont soumis a autorisation avec accord de l'Architecte des Batiments de France (art. L621-32 code du patrimoine). Detection metal a visee historique ou archeologique soumise partout a autorisation prealable, quel que soit le lieu (art. L542-1 code du patrimoine). Localisation : environnement large (hors emprise d'etude 7x7km).",
        "ref": "PA00095245"
      },
      "id": "perimetre-07"
    },
    {
      "type": "Feature",
      "geometry": {
        "type": "MultiPolygon",
        "coordinates": [
          [
            [
              [
                1.49339674,
                44.69816008
              ],
              [
                1.49319848,
                44.69816078
              ],
              [
                1.49300034,
                44.69816592
              ],
              [
                1.49280254,
                44.6981755
              ],
              [
                1.49260525,
                44.69818951
              ],
              [
                1.49240867,
                44.69820793
              ],
              [
                1.492213,
                44.69823074
              ],
              [
                1.49201843,
                44.69825793
              ],
              [
                1.49182516,
                44.69828946
              ],
              [
                1.49163337,
                44.6983253
              ],
              [
                1.49144325,
                44.69836543
              ],
              [
                1.491255,
                44.69840979
              ],
              [
                1.49106879,
                44.69845835
              ],
              [
                1.49088481,
                44.69851106
              ],
              [
                1.49070324,
                44.69856786
              ],
              [
                1.49052426,
                44.6986287
              ],
              [
                1.49034805,
                44.69869352
              ],
              [
                1.49017478,
                44.69876225
              ],
              [
                1.49000462,
                44.69883484
              ],
              [
                1.48983775,
                44.6989112
              ],
              [
                1.48967432,
                44.69899126
              ],
              [
                1.48951449,
                44.69907494
              ],
              [
                1.48935843,
                44.69916216
              ],
              [
                1.48920628,
                44.69925283
              ],
              [
                1.48905821,
                44.69934687
              ],
              [
                1.48891434,
                44.69944418
              ],
              [
                1.48877484,
                44.69954466
              ],
              [
                1.48863982,
                44.69964822
              ],
              [
                1.48850944,
                44.69975475
              ],
              [
                1.4883838,
                44.69986415
              ],
              [
                1.48826305,
                44.69997631
              ],
              [
                1.4881473,
                44.70009112
              ],
              [
                1.48803666,
                44.70020847
              ],
              [
                1.48793124,
                44.70032824
              ],
              [
                1.48783115,
                44.70045031
              ],
              [
                1.48773649,
                44.70057456
              ],
              [
                1.48764734,
                44.70070087
              ],
              [
                1.4875638,
                44.70082912
              ],
              [
                1.48748595,
                44.70095917
              ],
              [
                1.48741386,
                44.7010909
              ],
              [
                1.48734761,
                44.70122419
              ],
              [
                1.48728726,
                44.70135889
              ],
              [
                1.48723288,
                44.70149488
              ],
              [
                1.48718451,
                44.70163202
              ],
              [
                1.4871422,
                44.70177017
              ],
              [
                1.487106,
                44.7019092
              ],
              [
                1.48707595,
                44.70204898
              ],
              [
                1.48705206,
                44.70218936
              ],
              [
                1.48703436,
                44.70233021
              ],
              [
                1.48702288,
                44.70247138
              ],
              [
                1.48701762,
                44.70261274
              ],
              [
                1.48701525,
                44.70276908
              ],
              [
                1.48701622,
                44.70291049
              ],
              [
                1.48702342,
                44.7030518
              ],
              [
                1.48703684,
                44.70319289
              ],
              [
                1.48705646,
                44.70333361
              ],
              [
                1.48708228,
                44.70347381
              ],
              [
                1.48711425,
                44.70361337
              ],
              [
                1.48715236,
                44.70375215
              ],
              [
                1.48719656,
                44.70389
              ],
              [
                1.48724681,
                44.7040268
              ],
              [
                1.48730306,
                44.7041624
              ],
              [
                1.48736526,
                44.70429667
              ],
              [
                1.48743334,
                44.70442949
              ],
              [
                1.48750724,
                44.70456071
              ],
              [
                1.48758688,
                44.70469022
              ],
              [
                1.48767218,
                44.70481787
              ],
              [
                1.48776307,
                44.70494356
              ],
              [
                1.48785944,
                44.70506714
              ],
              [
                1.48796122,
                44.7051885
              ],
              [
                1.48806828,
                44.70530753
              ],
              [
                1.48818054,
                44.7054241
              ],
              [
                1.48829788,
                44.70553809
              ],
              [
                1.48842018,
                44.7056494
              ],
              [
                1.48854733,
                44.70575792
              ],
              [
                1.48867919,
                44.70586353
              ],
              [
                1.48881564,
                44.70596614
              ],
              [
                1.48895654,
                44.70606564
              ],
              [
                1.48910175,
                44.70616193
              ],
              [
                1.48925114,
                44.70625493
              ],
              [
                1.48940455,
                44.70634453
              ],
              [
                1.48956183,
                44.70643065
              ],
              [
                1.48972282,
                44.7065132
              ],
              [
                1.48988737,
                44.70659211
              ],
              [
                1.49005532,
                44.70666729
              ],
              [
                1.4902265,
                44.70673868
              ],
              [
                1.49040073,
                44.70680619
              ],
              [
                1.49057786,
                44.70686977
              ],
              [
                1.4907577,
                44.70692934
              ],
              [
                1.49094007,
                44.70698486
              ],
              [
                1.4911248,
                44.70703627
              ],
              [
                1.4913117,
                44.70708351
              ],
              [
                1.49150059,
                44.70712655
              ],
              [
                1.49169129,
                44.70716533
              ],
              [
                1.4918836,
                44.70719981
              ],
              [
                1.49207733,
                44.70722998
              ],
              [
                1.4922723,
                44.70725579
              ],
              [
                1.4924683,
                44.70727722
              ],
              [
                1.49266516,
                44.70729424
              ],
              [
                1.49286266,
                44.70730685
              ],
              [
                1.49306063,
                44.70731503
              ],
              [
                1.49325886,
                44.70731877
              ],
              [
                1.49336847,
                44.70731961
              ],
              [
                1.49356676,
                44.70731891
              ],
              [
                1.49376493,
                44.70731376
              ],
              [
                1.49396277,
                44.70730418
              ],
              [
                1.49416009,
                44.70729017
              ],
              [
                1.4943567,
                44.70727175
              ],
              [
                1.49455239,
                44.70724893
              ],
              [
                1.49474699,
                44.70722174
              ],
              [
                1.49494029,
                44.7071902
              ],
              [
                1.49513211,
                44.70715435
              ],
              [
                1.49532226,
                44.70711422
              ],
              [
                1.49551054,
                44.70706985
              ],
              [
                1.49569677,
                44.70702129
              ],
              [
                1.49588078,
                44.70696857
              ],
              [
                1.49606237,
                44.70691176
              ],
              [
                1.49624136,
                44.70685091
              ],
              [
                1.49641759,
                44.70678608
              ],
              [
                1.49659088,
                44.70671734
              ],
              [
                1.49676105,
                44.70664474
              ],
              [
                1.49692794,
                44.70656837
              ],
              [
                1.49709139,
                44.7064883
              ],
              [
                1.49725122,
                44.70640461
              ],
              [
                1.49740729,
                44.70631738
              ],
              [
                1.49755944,
                44.70622669
              ],
              [
                1.49770753,
                44.70613264
              ],
              [
                1.49785139,
                44.70603532
              ],
              [
                1.4979909,
                44.70593483
              ],
              [
                1.49812591,
                44.70583126
              ],
              [
                1.49825629,
                44.70572471
              ],
              [
                1.49838192,
                44.7056153
              ],
              [
                1.49850266,
                44.70550313
              ],
              [
                1.4986184,
                44.70538831
              ],
              [
                1.49872903,
                44.70527095
              ],
              [
                1.49883443,
                44.70515117
              ],
              [
                1.49893451,
                44.70502909
              ],
              [
                1.49902916,
                44.70490483
              ],
              [
                1.49911829,
                44.70477851
              ],
              [
                1.49920181,
                44.70465026
              ],
              [
                1.49927964,
                44.7045202
              ],
              [
                1.4993517,
                44.70438845
              ],
              [
                1.49941792,
                44.70425516
              ],
              [
                1.49947824,
                44.70412045
              ],
              [
                1.4995326,
                44.70398446
              ],
              [
                1.49958094,
                44.70384731
              ],
              [
                1.49962322,
                44.70370916
              ],
              [
                1.49965939,
                44.70357012
              ],
              [
                1.49968942,
                44.70343034
              ],
              [
                1.49971328,
                44.70328995
              ],
              [
                1.49973094,
                44.7031491
              ],
              [
                1.49974239,
                44.70300793
              ],
              [
                1.49974762,
                44.70286657
              ],
              [
                1.49974995,
                44.70271024
              ],
              [
                1.49974895,
                44.70256883
              ],
              [
                1.49974172,
                44.70242751
              ],
              [
                1.49972827,
                44.70228642
              ],
              [
                1.49970861,
                44.70214571
              ],
              [
                1.49968277,
                44.7020055
              ],
              [
                1.49965076,
                44.70186595
              ],
              [
                1.49961263,
                44.70172718
              ],
              [
                1.4995684,
                44.70158933
              ],
              [
                1.49951812,
                44.70145254
              ],
              [
                1.49946184,
                44.70131695
              ],
              [
                1.49939962,
                44.70118268
              ],
              [
                1.49933151,
                44.70104987
              ],
              [
                1.49925759,
                44.70091865
              ],
              [
                1.49917793,
                44.70078916
              ],
              [
                1.49909261,
                44.70066151
              ],
              [
                1.4990017,
                44.70053584
              ],
              [
                1.49890531,
                44.70041226
              ],
              [
                1.49880352,
                44.70029091
              ],
              [
                1.49869644,
                44.7001719
              ],
              [
                1.49858417,
                44.70005534
              ],
              [
                1.49846682,
                44.69994136
              ],
              [
                1.49834451,
                44.69983006
              ],
              [
                1.49821736,
                44.69972155
              ],
              [
                1.4980855,
                44.69961595
              ],
              [
                1.49794905,
                44.69951336
              ],
              [
                1.49780815,
                44.69941387
              ],
              [
                1.49766294,
                44.69931758
              ],
              [
                1.49751355,
                44.6992246
              ],
              [
                1.49736015,
                44.69913501
              ],
              [
                1.49720288,
                44.6990489
              ],
              [
                1.4970419,
                44.69896636
              ],
              [
                1.49687736,
                44.69888746
              ],
              [
                1.49670942,
                44.69881229
              ],
              [
                1.49653826,
                44.69874092
              ],
              [
                1.49636404,
                44.69867341
              ],
              [
                1.49618694,
                44.69860985
              ],
              [
                1.49600712,
                44.69855028
              ],
              [
                1.49582477,
                44.69849477
              ],
              [
                1.49564007,
                44.69844337
              ],
              [
                1.49545319,
                44.69839613
              ],
              [
                1.49526432,
                44.69835311
              ],
              [
                1.49507366,
                44.69831433
              ],
              [
                1.49488138,
                44.69827985
              ],
              [
                1.49468767,
                44.69824969
              ],
              [
                1.49449274,
                44.69822389
              ],
              [
                1.49429676,
                44.69820246
              ],
              [
                1.49409994,
                44.69818544
              ],
              [
                1.49390246,
                44.69817283
              ],
              [
                1.49370453,
                44.69816465
              ],
              [
                1.49350633,
                44.69816092
              ],
              [
                1.49339674,
                44.69816008
              ]
            ]
          ]
        ]
      },
      "properties": {
        "name": "Abords (500 m) — Dolmen des Fosses (Soucirac)",
        "kind": "perimetre",
        "source": "GPU (servitude AC1, UDAP 46) — data.geopf.fr WFS wfs_sup:assiette_sup_s, verifie 2026-09-27",
        "description": "[FAIT] Perimetre officiel des abords (servitude AC1, zone tampon 500 m) de « Dolmen des Fosses (Soucirac) » (PA00095261) — geometrie GPU AC1_Dolmen-des-Fosses-IQ2BYK_abor, remplace le cercle theorique calcule precedemment (qui omettait la surface hors du cercle mais dans le tampon officiel). Abords de monument historique (servitude AC1, zone tampon officielle de 500 m autour de l'emprise protegee, sans Perimetre Delimite des Abords - PDA). La protection ne s'applique qu'aux immeubles visibles du monument ou visibles en meme temps que lui (art. L621-30 code du patrimoine). Seuls les travaux modifiant l'aspect exterieur d'un immeuble concerne sont soumis a autorisation avec accord de l'Architecte des Batiments de France (art. L621-32 code du patrimoine). Detection metal a visee historique ou archeologique soumise partout a autorisation prealable, quel que soit le lieu (art. L542-1 code du patrimoine). Localisation : environnement large (hors emprise d'etude 7x7km).",
        "ref": "PA00095261"
      },
      "id": "perimetre-08"
    },
    {
      "type": "Feature",
      "geometry": {
        "type": "MultiPolygon",
        "coordinates": [
          [
            [
              [
                1.58997824,
                44.62954863
              ],
              [
                1.58990084,
                44.62961212
              ],
              [
                1.58983811,
                44.62967104
              ],
              [
                1.58982743,
                44.62968037
              ],
              [
                1.58981618,
                44.62969164
              ],
              [
                1.58964801,
                44.6298496
              ],
              [
                1.58941781,
                44.63009847
              ],
              [
                1.58935773,
                44.63017387
              ],
              [
                1.58928539,
                44.63025629
              ],
              [
                1.58920015,
                44.63036926
              ],
              [
                1.58919985,
                44.63036914
              ],
              [
                1.58919985,
                44.63036915
              ],
              [
                1.58919035,
                44.63038225
              ],
              [
                1.58908943,
                44.630516
              ],
              [
                1.58905818,
                44.63056089
              ],
              [
                1.58906028,
                44.63056163
              ],
              [
                1.58901572,
                44.63062307
              ],
              [
                1.58885461,
                44.6308848
              ],
              [
                1.58871717,
                44.63115328
              ],
              [
                1.58860395,
                44.63142743
              ],
              [
                1.58851542,
                44.63170613
              ],
              [
                1.58845192,
                44.63198827
              ],
              [
                1.58841372,
                44.63227271
              ],
              [
                1.58840097,
                44.6325583
              ],
              [
                1.58841481,
                44.6328558
              ],
              [
                1.58845626,
                44.633152
              ],
              [
                1.58852515,
                44.63344559
              ],
              [
                1.58862116,
                44.6337353
              ],
              [
                1.58874389,
                44.63401986
              ],
              [
                1.58889278,
                44.63429802
              ],
              [
                1.58906721,
                44.63456856
              ],
              [
                1.58926638,
                44.6348303
              ],
              [
                1.58948945,
                44.63508209
              ],
              [
                1.58973542,
                44.63532284
              ],
              [
                1.58975851,
                44.63534255
              ],
              [
                1.58977417,
                44.63535828
              ],
              [
                1.59004186,
                44.63559231
              ],
              [
                1.59033099,
                44.63581303
              ],
              [
                1.59064027,
                44.63601947
              ],
              [
                1.5909683,
                44.63621068
              ],
              [
                1.5913136,
                44.63638582
              ],
              [
                1.59167463,
                44.6365441
              ],
              [
                1.59170254,
                44.63655456
              ],
              [
                1.59172379,
                44.6365642
              ],
              [
                1.59214889,
                44.636726
              ],
              [
                1.59219152,
                44.63674077
              ],
              [
                1.59256463,
                44.63685955
              ],
              [
                1.59294775,
                44.63696093
              ],
              [
                1.59333927,
                44.63704448
              ],
              [
                1.59373756,
                44.63710986
              ],
              [
                1.59414096,
                44.63715678
              ],
              [
                1.59454778,
                44.63718506
              ],
              [
                1.59495631,
                44.63719457
              ],
              [
                1.59536485,
                44.63718527
              ],
              [
                1.59577169,
                44.63715721
              ],
              [
                1.59583173,
                44.63715167
              ],
              [
                1.59627969,
                44.63709864
              ],
              [
                1.59672115,
                44.63702285
              ],
              [
                1.59715383,
                44.63692472
              ],
              [
                1.59716525,
                44.6369218
              ],
              [
                1.59754211,
                44.63681577
              ],
              [
                1.59790864,
                44.63669277
              ],
              [
                1.59826335,
                44.63655331
              ],
              [
                1.59860478,
                44.63639797
              ],
              [
                1.59893152,
                44.63622738
              ],
              [
                1.59924222,
                44.63604225
              ],
              [
                1.59953563,
                44.63584333
              ],
              [
                1.59981051,
                44.63563145
              ],
              [
                1.60006576,
                44.63540746
              ],
              [
                1.60030032,
                44.6351723
              ],
              [
                1.60051322,
                44.63492693
              ],
              [
                1.6007036,
                44.63467235
              ],
              [
                1.60071332,
                44.63465706
              ],
              [
                1.60075815,
                44.63459688
              ],
              [
                1.6009265,
                44.63433036
              ],
              [
                1.60107018,
                44.63405663
              ],
              [
                1.60118859,
                44.63377683
              ],
              [
                1.60128123,
                44.63349216
              ],
              [
                1.6013477,
                44.6332038
              ],
              [
                1.60138772,
                44.63291298
              ],
              [
                1.60140113,
                44.63262093
              ],
              [
                1.60138787,
                44.63232887
              ],
              [
                1.601348,
                44.63203803
              ],
              [
                1.60128168,
                44.63174965
              ],
              [
                1.60127214,
                44.63172029
              ],
              [
                1.60125407,
                44.63163592
              ],
              [
                1.60116446,
                44.63134677
              ],
              [
                1.60104831,
                44.63106244
              ],
              [
                1.60090613,
                44.63078416
              ],
              [
                1.60073854,
                44.63051314
              ],
              [
                1.60054626,
                44.63025055
              ],
              [
                1.60033012,
                44.62999753
              ],
              [
                1.60009107,
                44.62975517
              ],
              [
                1.59983014,
                44.62952452
              ],
              [
                1.59954845,
                44.62930659
              ],
              [
                1.59924723,
                44.62910232
              ],
              [
                1.59892778,
                44.62891259
              ],
              [
                1.59859149,
                44.62873822
              ],
              [
                1.59823981,
                44.62857997
              ],
              [
                1.59787426,
                44.62843853
              ],
              [
                1.59749644,
                44.62831451
              ],
              [
                1.59741533,
                44.62829015
              ],
              [
                1.59740932,
                44.62828835
              ],
              [
                1.59730944,
                44.62825845
              ],
              [
                1.59692026,
                44.62815253
              ],
              [
                1.59652213,
                44.62806508
              ],
              [
                1.59611676,
                44.62799649
              ],
              [
                1.59570593,
                44.62794705
              ],
              [
                1.59529141,
                44.62791698
              ],
              [
                1.59487501,
                44.6279064
              ],
              [
                1.59445854,
                44.62791537
              ],
              [
                1.5940438,
                44.62794384
              ],
              [
                1.59363259,
                44.62799169
              ],
              [
                1.59322671,
                44.62805871
              ],
              [
                1.59282791,
                44.62814462
              ],
              [
                1.59243793,
                44.62824903
              ],
              [
                1.59205846,
                44.6283715
              ],
              [
                1.59169115,
                44.62851149
              ],
              [
                1.5913376,
                44.62866839
              ],
              [
                1.59099933,
                44.62884153
              ],
              [
                1.59067782,
                44.62903015
              ],
              [
                1.59037447,
                44.62923342
              ],
              [
                1.5900906,
                44.62945048
              ],
              [
                1.58997824,
                44.62954863
              ]
            ]
          ]
        ]
      },
      "properties": {
        "name": "Abords (500 m) — Église et presbytère (Soulomès)",
        "kind": "perimetre",
        "source": "GPU (servitude AC1, UDAP 46) — data.geopf.fr WFS wfs_sup:assiette_sup_s, verifie 2026-09-27",
        "description": "[FAIT] Perimetre officiel des abords (servitude AC1, zone tampon 500 m) de « Église et presbytère (Soulomès) » (PA00095266) — geometrie GPU AC1_Eglise-Ste-Madeleine-et-son-presbytere-I7X41I_abor, remplace le cercle theorique calcule precedemment (qui omettait la surface hors du cercle mais dans le tampon officiel). Abords de monument historique (servitude AC1, zone tampon officielle de 500 m autour de l'emprise protegee, sans Perimetre Delimite des Abords - PDA). La protection ne s'applique qu'aux immeubles visibles du monument ou visibles en meme temps que lui (art. L621-30 code du patrimoine). Seuls les travaux modifiant l'aspect exterieur d'un immeuble concerne sont soumis a autorisation avec accord de l'Architecte des Batiments de France (art. L621-32 code du patrimoine). Detection metal a visee historique ou archeologique soumise partout a autorisation prealable, quel que soit le lieu (art. L542-1 code du patrimoine). Localisation : environnement large (hors emprise d'etude 7x7km).",
        "ref": "PA00095266"
      },
      "id": "perimetre-09"
    },
    {
      "type": "Feature",
      "geometry": {
        "type": "MultiPolygon",
        "coordinates": [
          [
            [
              [
                1.55530508,
                44.63551174
              ],
              [
                1.55529654,
                44.63551416
              ],
              [
                1.55494511,
                44.63561575
              ],
              [
                1.55493373,
                44.63561905
              ],
              [
                1.55492267,
                44.63562226
              ],
              [
                1.55461128,
                44.63570422
              ],
              [
                1.55442864,
                44.6357546
              ],
              [
                1.55424828,
                44.63580901
              ],
              [
                1.55407037,
                44.63586739
              ],
              [
                1.55389509,
                44.63592969
              ],
              [
                1.5537226,
                44.63599584
              ],
              [
                1.55355307,
                44.63606578
              ],
              [
                1.55338666,
                44.63613946
              ],
              [
                1.55322354,
                44.63621678
              ],
              [
                1.55306386,
                44.63629768
              ],
              [
                1.55290777,
                44.63638209
              ],
              [
                1.55275543,
                44.63646992
              ],
              [
                1.55260698,
                44.63656108
              ],
              [
                1.55246257,
                44.63665548
              ],
              [
                1.55242433,
                44.63668128
              ],
              [
                1.55228264,
                44.63677988
              ],
              [
                1.55214536,
                44.63688161
              ],
              [
                1.55201262,
                44.63698637
              ],
              [
                1.55188454,
                44.63709404
              ],
              [
                1.55176126,
                44.63720454
              ],
              [
                1.5516429,
                44.63731774
              ],
              [
                1.55152957,
                44.63743354
              ],
              [
                1.55142138,
                44.63755182
              ],
              [
                1.55131845,
                44.63767246
              ],
              [
                1.55122087,
                44.63779536
              ],
              [
                1.55112873,
                44.63792038
              ],
              [
                1.55104214,
                44.6380474
              ],
              [
                1.55096117,
                44.63817629
              ],
              [
                1.55088591,
                44.63830694
              ],
              [
                1.55081642,
                44.63843921
              ],
              [
                1.55075278,
                44.63857298
              ],
              [
                1.55069505,
                44.6387081
              ],
              [
                1.55064329,
                44.63884445
              ],
              [
                1.55059755,
                44.63898189
              ],
              [
                1.55055787,
                44.63912029
              ],
              [
                1.55052429,
                44.63925951
              ],
              [
                1.55049685,
                44.63939941
              ],
              [
                1.55047557,
                44.63953986
              ],
              [
                1.55046047,
                44.63968072
              ],
              [
                1.55045157,
                44.63982184
              ],
              [
                1.55044888,
                44.6399631
              ],
              [
                1.5504524,
                44.64010435
              ],
              [
                1.55046212,
                44.64024544
              ],
              [
                1.55047804,
                44.64038625
              ],
              [
                1.55051979,
                44.64069502
              ],
              [
                1.55054394,
                44.64084667
              ],
              [
                1.55060046,
                44.64115496
              ],
              [
                1.55069881,
                44.64174865
              ],
              [
                1.55071461,
                44.6418366
              ],
              [
                1.55072552,
                44.64189293
              ],
              [
                1.55075532,
                44.64203094
              ],
              [
                1.5507911,
                44.64216821
              ],
              [
                1.55083282,
                44.64230463
              ],
              [
                1.55088045,
                44.64244006
              ],
              [
                1.55093394,
                44.64257438
              ],
              [
                1.55099324,
                44.64270744
              ],
              [
                1.5510583,
                44.64283912
              ],
              [
                1.55112904,
                44.6429693
              ],
              [
                1.55120541,
                44.64309785
              ],
              [
                1.55128732,
                44.64322465
              ],
              [
                1.55137471,
                44.64334957
              ],
              [
                1.55146748,
                44.6434725
              ],
              [
                1.55156554,
                44.64359331
              ],
              [
                1.55166881,
                44.6437119
              ],
              [
                1.55177718,
                44.64382814
              ],
              [
                1.55189055,
                44.64394192
              ],
              [
                1.55200881,
                44.64405314
              ],
              [
                1.55207672,
                44.64411499
              ],
              [
                1.55218445,
                44.64421041
              ],
              [
                1.55229579,
                44.6443037
              ],
              [
                1.55241064,
                44.64439479
              ],
              [
                1.55256672,
                44.64451524
              ],
              [
                1.55277264,
                44.64466686
              ],
              [
                1.55283279,
                44.64470912
              ],
              [
                1.55295352,
                44.64479393
              ],
              [
                1.5530623,
                44.64486855
              ],
              [
                1.55333274,
                44.64504965
              ],
              [
                1.55350124,
                44.64515848
              ],
              [
                1.55367512,
                44.64526291
              ],
              [
                1.55385417,
                44.64536279
              ],
              [
                1.55423639,
                44.64556821
              ],
              [
                1.55439748,
                44.64565479
              ],
              [
                1.55454699,
                44.64573271
              ],
              [
                1.55469965,
                44.64580747
              ],
              [
                1.55485531,
                44.645879
              ],
              [
                1.55501385,
                44.64594723
              ],
              [
                1.55517512,
                44.64601211
              ],
              [
                1.555339,
                44.64607359
              ],
              [
                1.55562168,
                44.64617587
              ],
              [
                1.55566236,
                44.64619046
              ],
              [
                1.55584039,
                44.64625373
              ],
              [
                1.55589688,
                44.64627473
              ],
              [
                1.55644021,
                44.64647671
              ],
              [
                1.55661539,
                44.64653938
              ],
              [
                1.55679321,
                44.64659813
              ],
              [
                1.55705595,
                44.64668142
              ],
              [
                1.55728048,
                44.64674893
              ],
              [
                1.55770897,
                44.64687085
              ],
              [
                1.55789704,
                44.64692189
              ],
              [
                1.55808729,
                44.64696863
              ],
              [
                1.55828953,
                44.64701574
              ],
              [
                1.55856407,
                44.64707481
              ],
              [
                1.55870412,
                44.64710247
              ],
              [
                1.55889544,
                44.64713797
              ],
              [
                1.55902102,
                44.64715978
              ],
              [
                1.55920979,
                44.64719038
              ],
              [
                1.55939979,
                44.64721682
              ],
              [
                1.55959083,
                44.64723909
              ],
              [
                1.55978275,
                44.64725716
              ],
              [
                1.5598211,
                44.64726035
              ],
              [
                1.55997591,
                44.64728527
              ],
              [
                1.56015425,
                44.64731014
              ],
              [
                1.56096535,
                44.64741463
              ],
              [
                1.56133577,
                44.64746817
              ],
              [
                1.56151832,
                44.64749257
              ],
              [
                1.56170181,
                44.64751311
              ],
              [
                1.56182837,
                44.64752592
              ],
              [
                1.56202865,
                44.64754387
              ],
              [
                1.56222963,
                44.64755722
              ],
              [
                1.56243111,
                44.64756598
              ],
              [
                1.56263288,
                44.64757013
              ],
              [
                1.56283474,
                44.64756967
              ],
              [
                1.56303646,
                44.64756459
              ],
              [
                1.56323786,
                44.64755491
              ],
              [
                1.56343872,
                44.64754063
              ],
              [
                1.56347043,
                44.64753764
              ],
              [
                1.56354156,
                44.64753329
              ],
              [
                1.56373748,
                44.6475169
              ],
              [
                1.5639326,
                44.64749614
              ],
              [
                1.5641267,
                44.64747103
              ],
              [
                1.56431962,
                44.6474416
              ],
              [
                1.56451115,
                44.64740787
              ],
              [
                1.5647011,
                44.64736988
              ],
              [
                1.5648893,
                44.64732767
              ],
              [
                1.56507556,
                44.64728128
              ],
              [
                1.56513359,
                44.6472661
              ],
              [
                1.56532357,
                44.64721389
              ],
              [
                1.56551108,
                44.64715732
              ],
              [
                1.56569595,
                44.64709647
              ],
              [
                1.56584359,
                44.64704368
              ],
              [
                1.56632553,
                44.64691215
              ],
              [
                1.56651055,
                44.64685924
              ],
              [
                1.56669314,
                44.64680219
              ],
              [
                1.56687311,
                44.64674105
              ],
              [
                1.56705028,
                44.64667588
              ],
              [
                1.56722448,
                44.64660674
              ],
              [
                1.56739552,
                44.6465337
              ],
              [
                1.56756325,
                44.64645685
              ],
              [
                1.5677275,
                44.64637624
              ],
              [
                1.56788809,
                44.64629197
              ],
              [
                1.56804487,
                44.64620412
              ],
              [
                1.56819768,
                44.64611278
              ],
              [
                1.56834637,
                44.64601803
              ],
              [
                1.56849079,
                44.64591997
              ],
              [
                1.5686308,
                44.64581871
              ],
              [
                1.56876625,
                44.64571434
              ],
              [
                1.56889702,
                44.64560696
              ],
              [
                1.56902297,
                44.64549668
              ],
              [
                1.56914397,
                44.64538362
              ],
              [
                1.5692599,
                44.64526789
              ],
              [
                1.56937065,
                44.6451496
              ],
              [
                1.56947611,
                44.64502886
              ],
              [
                1.56957617,
                44.64490581
              ],
              [
                1.56967074,
                44.64478056
              ],
              [
                1.56975971,
                44.64465324
              ],
              [
                1.569843,
                44.64452398
              ],
              [
                1.56992052,
                44.6443929
              ],
              [
                1.5699922,
                44.64426014
              ],
              [
                1.57005797,
                44.64412583
              ],
              [
                1.57011776,
                44.6439901
              ],
              [
                1.57017151,
                44.64385309
              ],
              [
                1.57021917,
                44.64371493
              ],
              [
                1.57026069,
                44.64357577
              ],
              [
                1.57029603,
                44.64343574
              ],
              [
                1.57032515,
                44.64329499
              ],
              [
                1.57034802,
                44.64315364
              ],
              [
                1.57036463,
                44.64301186
              ],
              [
                1.57037494,
                44.64286976
              ],
              [
                1.57037897,
                44.64272751
              ],
              [
                1.57037669,
                44.64258523
              ],
              [
                1.57036812,
                44.64244308
              ],
              [
                1.57035326,
                44.6423012
              ],
              [
                1.57033213,
                44.64215972
              ],
              [
                1.57030474,
                44.64201878
              ],
              [
                1.57027113,
                44.64187854
              ],
              [
                1.57023132,
                44.64173912
              ],
              [
                1.57018537,
                44.64160067
              ],
              [
                1.57013331,
                44.64146333
              ],
              [
                1.57007519,
                44.64132723
              ],
              [
                1.57001108,
                44.64119251
              ],
              [
                1.56994104,
                44.6410593
              ],
              [
                1.56986514,
                44.64092774
              ],
              [
                1.56978345,
                44.64079796
              ],
              [
                1.56969606,
                44.64067009
              ],
              [
                1.56854316,
                44.63904865
              ],
              [
                1.56853821,
                44.63904171
              ],
              [
                1.56679145,
                44.63659535
              ],
              [
                1.56678179,
                44.63658188
              ],
              [
                1.56636668,
                44.63600528
              ],
              [
                1.56627383,
                44.63588111
              ],
              [
                1.56617558,
                44.63575908
              ],
              [
                1.56607204,
                44.6356393
              ],
              [
                1.5659633,
                44.63552189
              ],
              [
                1.56584948,
                44.63540696
              ],
              [
                1.56573068,
                44.63529463
              ],
              [
                1.56560702,
                44.63518501
              ],
              [
                1.56547862,
                44.63507821
              ],
              [
                1.5653456,
                44.63497432
              ],
              [
                1.56520811,
                44.63487345
              ],
              [
                1.56506626,
                44.6347757
              ],
              [
                1.5649202,
                44.63468116
              ],
              [
                1.56477008,
                44.63458993
              ],
              [
                1.56461603,
                44.6345021
              ],
              [
                1.56445821,
                44.63441775
              ],
              [
                1.56429678,
                44.63433696
              ],
              [
                1.56413189,
                44.63425982
              ],
              [
                1.5639637,
                44.6341864
              ],
              [
                1.56379238,
                44.63411676
              ],
              [
                1.5636181,
                44.63405099
              ],
              [
                1.56344102,
                44.63398914
              ],
              [
                1.56326131,
                44.63393127
              ],
              [
                1.56307917,
                44.63387744
              ],
              [
                1.56289475,
                44.6338277
              ],
              [
                1.56270825,
                44.63378211
              ],
              [
                1.56251984,
                44.6337407
              ],
              [
                1.56232971,
                44.63370352
              ],
              [
                1.56213805,
                44.6336706
              ],
              [
                1.56194504,
                44.63364197
              ],
              [
                1.56175087,
                44.63361767
              ],
              [
                1.56155573,
                44.63359771
              ],
              [
                1.56135981,
                44.63358212
              ],
              [
                1.56116331,
                44.63357091
              ],
              [
                1.56096641,
                44.63356409
              ],
              [
                1.56076931,
                44.63356168
              ],
              [
                1.5605722,
                44.63356366
              ],
              [
                1.56037527,
                44.63357004
              ],
              [
                1.56017872,
                44.63358082
              ],
              [
                1.55998274,
                44.63359598
              ],
              [
                1.55978751,
                44.6336155
              ],
              [
                1.55959324,
                44.63363938
              ],
              [
                1.55946683,
                44.63365637
              ],
              [
                1.55928443,
                44.63368289
              ],
              [
                1.55910321,
                44.63371323
              ],
              [
                1.55899515,
                44.63373254
              ],
              [
                1.55880509,
                44.63376874
              ],
              [
                1.55861671,
                44.63380916
              ],
              [
                1.55843019,
                44.63385376
              ],
              [
                1.5582457,
                44.6339025
              ],
              [
                1.55806344,
                44.63395531
              ],
              [
                1.55788357,
                44.63401217
              ],
              [
                1.55770627,
                44.634073
              ],
              [
                1.55753172,
                44.63413775
              ],
              [
                1.55736008,
                44.63420636
              ],
              [
                1.55719152,
                44.63427876
              ],
              [
                1.5570262,
                44.63435487
              ],
              [
                1.55686429,
                44.63443464
              ],
              [
                1.55670595,
                44.63451797
              ],
              [
                1.55655132,
                44.63460479
              ],
              [
                1.55640056,
                44.63469501
              ],
              [
                1.55625382,
                44.63478854
              ],
              [
                1.55611123,
                44.6348853
              ],
              [
                1.55597294,
                44.63498518
              ],
              [
                1.55583908,
                44.6350881
              ],
              [
                1.55530508,
                44.63551174
              ]
            ]
          ]
        ]
      },
      "properties": {
        "name": "Abords (500 m) — Château (Labastide-Murat)",
        "kind": "perimetre",
        "source": "GPU (servitude AC1, UDAP 46) — data.geopf.fr WFS wfs_sup:assiette_sup_s, verifie 2026-09-27",
        "description": "[FAIT] Perimetre officiel des abords (servitude AC1, 183,5 ha) du Chateau de Labastide-Murat (PA00095306) — geometrie GPU AC1_Chateau-de-Labastide-Murat-I6YFJG_abor. L'ancien cercle theorique (78,3 ha, centre sur le point Merimee situe dans le parc) omettait 105,2 ha de perimetre officiel, tous DANS l'emprise d'etude (dont une partie du bourg de Labastide-Murat). Ecart de Hausdorff mesure entre cercle et perimetre officiel : 434 m. Abords de monument historique (servitude AC1, zone tampon officielle de 500 m autour de l'emprise protegee, sans Perimetre Delimite des Abords - PDA). La protection ne s'applique qu'aux immeubles visibles du monument ou visibles en meme temps que lui (art. L621-30 code du patrimoine). Seuls les travaux modifiant l'aspect exterieur d'un immeuble concerne sont soumis a autorisation avec accord de l'Architecte des Batiments de France (art. L621-32 code du patrimoine). Detection metal a visee historique ou archeologique soumise partout a autorisation prealable, quel que soit le lieu (art. L542-1 code du patrimoine). Localisation : DANS l'emprise d'etude 7x7km.",
        "ref": "PA00095306"
      },
      "id": "perimetre-10"
    },
    {
      "type": "Feature",
      "geometry": {
        "type": "MultiPolygon",
        "coordinates": [
          [
            [
              [
                1.58010615,
                44.65345829
              ],
              [
                1.58002309,
                44.65352077
              ],
              [
                1.57988954,
                44.65362787
              ],
              [
                1.57976084,
                44.65373795
              ],
              [
                1.57963711,
                44.6538509
              ],
              [
                1.57951849,
                44.6539666
              ],
              [
                1.57940509,
                44.65408494
              ],
              [
                1.57929702,
                44.6542058
              ],
              [
                1.5791944,
                44.65432905
              ],
              [
                1.57909733,
                44.65445458
              ],
              [
                1.57900592,
                44.65458224
              ],
              [
                1.57892024,
                44.65471193
              ],
              [
                1.57891303,
                44.6547233
              ],
              [
                1.57883578,
                44.6548504
              ],
              [
                1.57876405,
                44.65497914
              ],
              [
                1.57869789,
                44.65510939
              ],
              [
                1.57863739,
                44.65524103
              ],
              [
                1.57858259,
                44.65537394
              ],
              [
                1.57853355,
                44.65550799
              ],
              [
                1.5784903,
                44.65564306
              ],
              [
                1.57845291,
                44.65577901
              ],
              [
                1.57842139,
                44.65591571
              ],
              [
                1.57839578,
                44.65605305
              ],
              [
                1.5783761,
                44.65619088
              ],
              [
                1.57836238,
                44.65632908
              ],
              [
                1.57835462,
                44.65646751
              ],
              [
                1.57835284,
                44.65660605
              ],
              [
                1.57835702,
                44.65674456
              ],
              [
                1.57836718,
                44.65688292
              ],
              [
                1.5783833,
                44.65702099
              ],
              [
                1.57840537,
                44.65715863
              ],
              [
                1.57843335,
                44.65729573
              ],
              [
                1.57846724,
                44.65743215
              ],
              [
                1.5784737,
                44.65745602
              ],
              [
                1.57850567,
                44.65756664
              ],
              [
                1.57854152,
                44.65767666
              ],
              [
                1.57854701,
                44.65769258
              ],
              [
                1.57859735,
                44.65782942
              ],
              [
                1.57865368,
                44.65796506
              ],
              [
                1.57871597,
                44.65809937
              ],
              [
                1.57878413,
                44.65823221
              ],
              [
                1.57885812,
                44.65836347
              ],
              [
                1.57893784,
                44.65849299
              ],
              [
                1.57902323,
                44.65862067
              ],
              [
                1.5791142,
                44.65874636
              ],
              [
                1.57921066,
                44.65886996
              ],
              [
                1.57931251,
                44.65899133
              ],
              [
                1.57941966,
                44.65911035
              ],
              [
                1.57953199,
                44.65922691
              ],
              [
                1.57964941,
                44.6593409
              ],
              [
                1.57977178,
                44.65945219
              ],
              [
                1.57989899,
                44.65956069
              ],
              [
                1.58003092,
                44.65966628
              ],
              [
                1.58016744,
                44.65976885
              ],
              [
                1.5803084,
                44.65986832
              ],
              [
                1.58045367,
                44.65996457
              ],
              [
                1.58060311,
                44.66005752
              ],
              [
                1.58075657,
                44.66014707
              ],
              [
                1.5809139,
                44.66023313
              ],
              [
                1.58107494,
                44.66031562
              ],
              [
                1.58123953,
                44.66039446
              ],
              [
                1.58140751,
                44.66046957
              ],
              [
                1.58157872,
                44.66054087
              ],
              [
                1.58175298,
                44.6606083
              ],
              [
                1.58193013,
                44.66067179
              ],
              [
                1.58210999,
                44.66073127
              ],
              [
                1.58229237,
                44.66078668
              ],
              [
                1.58234833,
                44.66080295
              ],
              [
                1.58252994,
                44.66085342
              ],
              [
                1.58262123,
                44.6608765
              ],
              [
                1.58267837,
                44.66089206
              ],
              [
                1.5828665,
                44.66093851
              ],
              [
                1.5830566,
                44.66098069
              ],
              [
                1.58324846,
                44.66101857
              ],
              [
                1.5834419,
                44.66105211
              ],
              [
                1.58363673,
                44.66108127
              ],
              [
                1.58383275,
                44.66110603
              ],
              [
                1.58402977,
                44.66112637
              ],
              [
                1.58422759,
                44.66114225
              ],
              [
                1.58442601,
                44.66115367
              ],
              [
                1.58462484,
                44.66116062
              ],
              [
                1.58482388,
                44.66116308
              ],
              [
                1.58502293,
                44.66116106
              ],
              [
                1.58522179,
                44.66115456
              ],
              [
                1.58542027,
                44.66114358
              ],
              [
                1.58561815,
                44.66112813
              ],
              [
                1.58581526,
                44.66110824
              ],
              [
                1.58601139,
                44.66108392
              ],
              [
                1.58605353,
                44.6610782
              ],
              [
                1.5860822,
                44.66107426
              ],
              [
                1.5861499,
                44.66106484
              ],
              [
                1.58634541,
                44.66103535
              ],
              [
                1.58653951,
                44.66100145
              ],
              [
                1.586732,
                44.66096318
              ],
              [
                1.5869227,
                44.66092057
              ],
              [
                1.58711141,
                44.66087368
              ],
              [
                1.58729795,
                44.66082254
              ],
              [
                1.58748212,
                44.66076721
              ],
              [
                1.58766374,
                44.66070774
              ],
              [
                1.58784263,
                44.6606442
              ],
              [
                1.58801861,
                44.66057664
              ],
              [
                1.58819151,
                44.66050514
              ],
              [
                1.58836114,
                44.66042976
              ],
              [
                1.58852734,
                44.66035059
              ],
              [
                1.58868994,
                44.6602677
              ],
              [
                1.58884879,
                44.66018117
              ],
              [
                1.58900371,
                44.6600911
              ],
              [
                1.58909258,
                44.66003599
              ],
              [
                1.58919114,
                44.65997647
              ],
              [
                1.58933708,
                44.65988261
              ],
              [
                1.58947885,
                44.65978555
              ],
              [
                1.58961632,
                44.65968539
              ],
              [
                1.58974935,
                44.65958222
              ],
              [
                1.58975895,
                44.65957454
              ],
              [
                1.58988876,
                44.65946731
              ],
              [
                1.59001377,
                44.65935723
              ],
              [
                1.59013387,
                44.65924438
              ],
              [
                1.59024894,
                44.6591289
              ],
              [
                1.59035885,
                44.65901088
              ],
              [
                1.5904635,
                44.65889046
              ],
              [
                1.59056279,
                44.65876775
              ],
              [
                1.59065662,
                44.65864286
              ],
              [
                1.59074489,
                44.65851593
              ],
              [
                1.59082752,
                44.65838708
              ],
              [
                1.59090443,
                44.65825643
              ],
              [
                1.59097553,
                44.65812413
              ],
              [
                1.59104077,
                44.65799029
              ],
              [
                1.59110007,
                44.65785505
              ],
              [
                1.59115338,
                44.65771854
              ],
              [
                1.59120064,
                44.65758091
              ],
              [
                1.59124181,
                44.65744228
              ],
              [
                1.59127684,
                44.6573028
              ],
              [
                1.5913057,
                44.6571626
              ],
              [
                1.59132837,
                44.65702182
              ],
              [
                1.59134482,
                44.6568806
              ],
              [
                1.59135503,
                44.65673908
              ],
              [
                1.59135899,
                44.6565974
              ],
              [
                1.5913567,
                44.6564557
              ],
              [
                1.59134817,
                44.65631412
              ],
              [
                1.5913334,
                44.65617281
              ],
              [
                1.5913124,
                44.6560319
              ],
              [
                1.5912852,
                44.65589153
              ],
              [
                1.59127805,
                44.65586162
              ],
              [
                1.59126384,
                44.65579062
              ],
              [
                1.59122999,
                44.65565247
              ],
              [
                1.59119012,
                44.65551513
              ],
              [
                1.59114428,
                44.65537875
              ],
              [
                1.59109252,
                44.65524345
              ],
              [
                1.59103487,
                44.65510937
              ],
              [
                1.5909714,
                44.65497664
              ],
              [
                1.59090216,
                44.65484538
              ],
              [
                1.59089421,
                44.65483099
              ],
              [
                1.5908202,
                44.65470286
              ],
              [
                1.59074069,
                44.65457641
              ],
              [
                1.59065577,
                44.65445176
              ],
              [
                1.59056551,
                44.65432904
              ],
              [
                1.59047,
                44.65420837
              ],
              [
                1.59036934,
                44.65408985
              ],
              [
                1.59026361,
                44.65397359
              ],
              [
                1.59015291,
                44.65385972
              ],
              [
                1.59003736,
                44.65374833
              ],
              [
                1.58991706,
                44.65363954
              ],
              [
                1.58979212,
                44.65353344
              ],
              [
                1.58966267,
                44.65343013
              ],
              [
                1.58952882,
                44.65332972
              ],
              [
                1.5893907,
                44.6532323
              ],
              [
                1.58924845,
                44.65313796
              ],
              [
                1.5891022,
                44.65304679
              ],
              [
                1.58895209,
                44.65295888
              ],
              [
                1.58879825,
                44.6528743
              ],
              [
                1.58864084,
                44.65279315
              ],
              [
                1.58858693,
                44.65276625
              ],
              [
                1.58842448,
                44.65268784
              ],
              [
                1.58825869,
                44.65261307
              ],
              [
                1.58808972,
                44.65254202
              ],
              [
                1.58791775,
                44.65247475
              ],
              [
                1.58774292,
                44.65241134
              ],
              [
                1.58756542,
                44.65235183
              ],
              [
                1.58738541,
                44.65229629
              ],
              [
                1.58720307,
                44.65224477
              ],
              [
                1.58701857,
                44.65219733
              ],
              [
                1.5868321,
                44.652154
              ],
              [
                1.58664383,
                44.65211483
              ],
              [
                1.58645394,
                44.65207986
              ],
              [
                1.58626263,
                44.65204912
              ],
              [
                1.58607006,
                44.65202264
              ],
              [
                1.58587644,
                44.65200045
              ],
              [
                1.58568194,
                44.65198256
              ],
              [
                1.58548676,
                44.65196901
              ],
              [
                1.58529108,
                44.65195978
              ],
              [
                1.5850951,
                44.65195491
              ],
              [
                1.58503921,
                44.65195414
              ],
              [
                1.58480931,
                44.65195397
              ],
              [
                1.58457956,
                44.65195978
              ],
              [
                1.58435025,
                44.65197156
              ],
              [
                1.58433396,
                44.65197261
              ],
              [
                1.58414659,
                44.65198671
              ],
              [
                1.58395989,
                44.6520048
              ],
              [
                1.58377404,
                44.65202686
              ],
              [
                1.58358919,
                44.65205287
              ],
              [
                1.5834769,
                44.65206992
              ],
              [
                1.58328114,
                44.65210198
              ],
              [
                1.58308691,
                44.65213847
              ],
              [
                1.58289441,
                44.65217936
              ],
              [
                1.58270383,
                44.6522246
              ],
              [
                1.58251537,
                44.65227415
              ],
              [
                1.58232921,
                44.65232796
              ],
              [
                1.58214554,
                44.65238597
              ],
              [
                1.58196456,
                44.65244813
              ],
              [
                1.58178644,
                44.65251437
              ],
              [
                1.58161137,
                44.65258463
              ],
              [
                1.58143951,
                44.65265883
              ],
              [
                1.58127106,
                44.6527369
              ],
              [
                1.58110617,
                44.65281875
              ],
              [
                1.58094502,
                44.65290432
              ],
              [
                1.58078777,
                44.6529935
              ],
              [
                1.58063457,
                44.65308621
              ],
              [
                1.58048559,
                44.65318236
              ],
              [
                1.58034097,
                44.65328184
              ],
              [
                1.58020087,
                44.65338457
              ],
              [
                1.58019072,
                44.65339224
              ],
              [
                1.58010615,
                44.65345829
              ]
            ]
          ]
        ]
      },
      "properties": {
        "name": "Abords (500 m) — Église de Goudou (Labastide-Murat)",
        "kind": "perimetre",
        "source": "GPU (servitude AC1, UDAP 46) — data.geopf.fr WFS wfs_sup:assiette_sup_s, verifie 2026-09-27",
        "description": "[FAIT] Perimetre officiel des abords (servitude AC1, zone tampon 500 m) de « Église de Goudou (Labastide-Murat) » (PA00125599) — geometrie GPU AC1_Eglise-paroissiale-Saint-Jean-Baptiste---I1EWTU_abor, remplace le cercle theorique calcule precedemment (qui omettait la surface hors du cercle mais dans le tampon officiel). Abords de monument historique (servitude AC1, zone tampon officielle de 500 m autour de l'emprise protegee, sans Perimetre Delimite des Abords - PDA). La protection ne s'applique qu'aux immeubles visibles du monument ou visibles en meme temps que lui (art. L621-30 code du patrimoine). Seuls les travaux modifiant l'aspect exterieur d'un immeuble concerne sont soumis a autorisation avec accord de l'Architecte des Batiments de France (art. L621-32 code du patrimoine). Detection metal a visee historique ou archeologique soumise partout a autorisation prealable, quel que soit le lieu (art. L542-1 code du patrimoine). Localisation : environnement large (hors emprise d'etude 7x7km).",
        "ref": "PA00125599"
      },
      "id": "perimetre-11"
    },
    {
      "type": "Feature",
      "geometry": {
        "type": "MultiPolygon",
        "coordinates": [
          [
            [
              [
                1.59499591,
                44.62785715
              ],
              [
                1.59497951,
                44.62785623
              ],
              [
                1.59457065,
                44.62785224
              ],
              [
                1.59416228,
                44.62786706
              ],
              [
                1.59375612,
                44.62790064
              ],
              [
                1.59335385,
                44.62795284
              ],
              [
                1.59295717,
                44.62802343
              ],
              [
                1.59256773,
                44.62811212
              ],
              [
                1.59218715,
                44.62821855
              ],
              [
                1.59181705,
                44.62834226
              ],
              [
                1.59145895,
                44.62848274
              ],
              [
                1.59111436,
                44.62863939
              ],
              [
                1.59078472,
                44.62881158
              ],
              [
                1.59047141,
                44.62899856
              ],
              [
                1.59017574,
                44.62919957
              ],
              [
                1.58989895,
                44.62941376
              ],
              [
                1.58964219,
                44.62964024
              ],
              [
                1.58940654,
                44.62987805
              ],
              [
                1.58919298,
                44.6301262
              ],
              [
                1.58900241,
                44.63038366
              ],
              [
                1.58883563,
                44.63064934
              ],
              [
                1.58869333,
                44.63092215
              ],
              [
                1.58866696,
                44.63097818
              ],
              [
                1.58854635,
                44.63126611
              ],
              [
                1.58845301,
                44.63155914
              ],
              [
                1.58838736,
                44.63185594
              ],
              [
                1.5883497,
                44.63215519
              ],
              [
                1.58834018,
                44.63245557
              ],
              [
                1.58835886,
                44.63275573
              ],
              [
                1.58840565,
                44.63305433
              ],
              [
                1.58848035,
                44.63335003
              ],
              [
                1.58858261,
                44.63364153
              ],
              [
                1.58871198,
                44.63392753
              ],
              [
                1.58886789,
                44.63420673
              ],
              [
                1.58904964,
                44.63447791
              ],
              [
                1.58925641,
                44.63473985
              ],
              [
                1.5894873,
                44.63499139
              ],
              [
                1.58974126,
                44.6352314
              ],
              [
                1.59001717,
                44.63545881
              ],
              [
                1.59031379,
                44.6356726
              ],
              [
                1.59062981,
                44.63587183
              ],
              [
                1.5906692,
                44.63589351
              ],
              [
                1.5907425,
                44.63593889
              ],
              [
                1.59106681,
                44.63611487
              ],
              [
                1.5914064,
                44.63627561
              ],
              [
                1.59175984,
                44.63642043
              ],
              [
                1.59212567,
                44.63654873
              ],
              [
                1.59250236,
                44.63665998
              ],
              [
                1.59288835,
                44.63675372
              ],
              [
                1.59292748,
                44.63676223
              ],
              [
                1.59334152,
                44.63684146
              ],
              [
                1.59376216,
                44.63690054
              ],
              [
                1.59418746,
                44.63693919
              ],
              [
                1.59461546,
                44.63695725
              ],
              [
                1.5950442,
                44.63695462
              ],
              [
                1.5954717,
                44.63693132
              ],
              [
                1.595896,
                44.63688746
              ],
              [
                1.59595672,
                44.63687968
              ],
              [
                1.59637059,
                44.63681639
              ],
              [
                1.59677758,
                44.63673354
              ],
              [
                1.59717586,
                44.63663149
              ],
              [
                1.59756366,
                44.63651071
              ],
              [
                1.59793923,
                44.63637173
              ],
              [
                1.59830088,
                44.63621518
              ],
              [
                1.598647,
                44.63604175
              ],
              [
                1.59897604,
                44.63585223
              ],
              [
                1.59928652,
                44.63564747
              ],
              [
                1.59957704,
                44.63542838
              ],
              [
                1.59984631,
                44.63519595
              ],
              [
                1.60009311,
                44.63495121
              ],
              [
                1.60031635,
                44.63469527
              ],
              [
                1.60051502,
                44.63442927
              ],
              [
                1.60068822,
                44.6341544
              ],
              [
                1.60083519,
                44.63387191
              ],
              [
                1.60085691,
                44.63382545
              ],
              [
                1.60086479,
                44.63380856
              ],
              [
                1.60098321,
                44.63352373
              ],
              [
                1.60107496,
                44.63323397
              ],
              [
                1.60113964,
                44.63294053
              ],
              [
                1.60117697,
                44.63264469
              ],
              [
                1.60118678,
                44.63234774
              ],
              [
                1.60116904,
                44.63205097
              ],
              [
                1.60112382,
                44.63175568
              ],
              [
                1.60105132,
                44.63146316
              ],
              [
                1.60095186,
                44.63117468
              ],
              [
                1.60082586,
                44.63089149
              ],
              [
                1.60067388,
                44.63061484
              ],
              [
                1.60049657,
                44.63034593
              ],
              [
                1.60029472,
                44.63008593
              ],
              [
                1.60006921,
                44.62983597
              ],
              [
                1.599821,
                44.62959714
              ],
              [
                1.5995512,
                44.62937049
              ],
              [
                1.59926096,
                44.62915701
              ],
              [
                1.59895157,
                44.62895762
              ],
              [
                1.59862436,
                44.62877319
              ],
              [
                1.59828077,
                44.62860453
              ],
              [
                1.59792228,
                44.62845237
              ],
              [
                1.59785538,
                44.62842807
              ],
              [
                1.59782085,
                44.62841346
              ],
              [
                1.59744794,
                44.62827856
              ],
              [
                1.59706331,
                44.62816151
              ],
              [
                1.59666865,
                44.62806281
              ],
              [
                1.59665799,
                44.62806043
              ],
              [
                1.5962629,
                44.62798189
              ],
              [
                1.59586149,
                44.62792175
              ],
              [
                1.59545545,
                44.62788027
              ],
              [
                1.59504648,
                44.62785761
              ],
              [
                1.59499591,
                44.62785715
              ]
            ]
          ]
        ]
      },
      "properties": {
        "name": "Abords (servitude AC1) — Bâtiments dits La Commanderie (Soulomès)",
        "kind": "perimetre",
        "source": "GPU (servitude AC1, UDAP 46) — data.geopf.fr WFS wfs_sup:assiette_sup_s, verifie 2026-09-27",
        "description": "[FAIT] Perimetre officiel des abords (servitude AC1, 80,9 ha) de La Commanderie (Soulomès, PA46000081) — geometrie GPU AC1_Commanderie-ITSP4U_abor. Abords de monument historique (servitude AC1, zone tampon officielle de 500 m autour de l'emprise protegee, sans Perimetre Delimite des Abords - PDA). La protection ne s'applique qu'aux immeubles visibles du monument ou visibles en meme temps que lui (art. L621-30 code du patrimoine). Seuls les travaux modifiant l'aspect exterieur d'un immeuble concerne sont soumis a autorisation avec accord de l'Architecte des Batiments de France (art. L621-32 code du patrimoine). Detection metal a visee historique ou archeologique soumise partout a autorisation prealable, quel que soit le lieu (art. L542-1 code du patrimoine). Localisation : dans l'environnement large (a 0,80 km de l'emprise d'etude).",
        "ref": "PA46000081"
      },
      "id": "perimetre-12"
    },
    {
      "type": "Feature",
      "geometry": {
        "type": "MultiPolygon",
        "coordinates": [
          [
            [
              [
                1.64159452,
                44.61655197
              ],
              [
                1.64157719,
                44.61655455
              ],
              [
                1.64138374,
                44.61658789
              ],
              [
                1.64119187,
                44.61662558
              ],
              [
                1.64100176,
                44.61666757
              ],
              [
                1.64081359,
                44.61671383
              ],
              [
                1.64062757,
                44.61676431
              ],
              [
                1.64044387,
                44.61681895
              ],
              [
                1.64026267,
                44.61687772
              ],
              [
                1.64008417,
                44.61694054
              ],
              [
                1.63990853,
                44.61700735
              ],
              [
                1.63973593,
                44.61707809
              ],
              [
                1.63956654,
                44.61715269
              ],
              [
                1.63940053,
                44.61723107
              ],
              [
                1.63923807,
                44.61731315
              ],
              [
                1.63907932,
                44.61739886
              ],
              [
                1.63892444,
                44.6174881
              ],
              [
                1.63877358,
                44.61758079
              ],
              [
                1.63862689,
                44.61767684
              ],
              [
                1.63848452,
                44.61777614
              ],
              [
                1.63834661,
                44.61787861
              ],
              [
                1.63821329,
                44.61798414
              ],
              [
                1.63808471,
                44.61809262
              ],
              [
                1.63796099,
                44.61820394
              ],
              [
                1.63784225,
                44.618318
              ],
              [
                1.6377286,
                44.61843468
              ],
              [
                1.63762018,
                44.61855386
              ],
              [
                1.63751707,
                44.61867543
              ],
              [
                1.63741939,
                44.61879927
              ],
              [
                1.63732724,
                44.61892524
              ],
              [
                1.63724069,
                44.61905323
              ],
              [
                1.63715985,
                44.61918311
              ],
              [
                1.63708479,
                44.61931474
              ],
              [
                1.63701558,
                44.61944801
              ],
              [
                1.6369523,
                44.61958276
              ],
              [
                1.63689501,
                44.61971888
              ],
              [
                1.63684376,
                44.61985622
              ],
              [
                1.63679861,
                44.61999465
              ],
              [
                1.6367596,
                44.62013403
              ],
              [
                1.63672678,
                44.62027421
              ],
              [
                1.63670016,
                44.62041507
              ],
              [
                1.63667979,
                44.62055646
              ],
              [
                1.63666567,
                44.62069823
              ],
              [
                1.63665783,
                44.62084026
              ],
              [
                1.63665628,
                44.62088701
              ],
              [
                1.63665473,
                44.62102903
              ],
              [
                1.63665944,
                44.62117102
              ],
              [
                1.63667042,
                44.62131283
              ],
              [
                1.63668767,
                44.62145432
              ],
              [
                1.63671115,
                44.62159535
              ],
              [
                1.63674086,
                44.62173578
              ],
              [
                1.63677675,
                44.62187547
              ],
              [
                1.63681879,
                44.62201428
              ],
              [
                1.63686695,
                44.62215208
              ],
              [
                1.63692117,
                44.62228872
              ],
              [
                1.63698139,
                44.62242408
              ],
              [
                1.63704757,
                44.62255801
              ],
              [
                1.63711963,
                44.62269038
              ],
              [
                1.63719751,
                44.62282106
              ],
              [
                1.63728111,
                44.62294993
              ],
              [
                1.63737037,
                44.62307684
              ],
              [
                1.63746519,
                44.62320168
              ],
              [
                1.63756548,
                44.62332432
              ],
              [
                1.63767114,
                44.62344465
              ],
              [
                1.63778206,
                44.62356253
              ],
              [
                1.63789813,
                44.62367785
              ],
              [
                1.63801924,
                44.6237905
              ],
              [
                1.63814527,
                44.62390037
              ],
              [
                1.63827608,
                44.62400734
              ],
              [
                1.63841156,
                44.62411131
              ],
              [
                1.63855157,
                44.62421217
              ],
              [
                1.63869596,
                44.62430983
              ],
              [
                1.63884459,
                44.62440419
              ],
              [
                1.63899732,
                44.62449516
              ],
              [
                1.63915399,
                44.62458263
              ],
              [
                1.63931445,
                44.62466654
              ],
              [
                1.63947853,
                44.62474678
              ],
              [
                1.63964608,
                44.62482329
              ],
              [
                1.63981693,
                44.62489599
              ],
              [
                1.6399909,
                44.6249648
              ],
              [
                1.64016782,
                44.62502966
              ],
              [
                1.64034753,
                44.62509049
              ],
              [
                1.64052983,
                44.62514725
              ],
              [
                1.64071455,
                44.62519988
              ],
              [
                1.6409015,
                44.62524831
              ],
              [
                1.6410905,
                44.62529251
              ],
              [
                1.64128135,
                44.62533243
              ],
              [
                1.64147388,
                44.62536802
              ],
              [
                1.64166788,
                44.62539926
              ],
              [
                1.64186317,
                44.62542612
              ],
              [
                1.64205954,
                44.62544856
              ],
              [
                1.64225681,
                44.62546657
              ],
              [
                1.64245478,
                44.62548012
              ],
              [
                1.64265325,
                44.6254892
              ],
              [
                1.64285202,
                44.62549381
              ],
              [
                1.64288725,
                44.62549423
              ],
              [
                1.64308597,
                44.62549436
              ],
              [
                1.6432846,
                44.62549002
              ],
              [
                1.64348293,
                44.6254812
              ],
              [
                1.64368078,
                44.62546793
              ],
              [
                1.64387794,
                44.6254502
              ],
              [
                1.64407423,
                44.62542805
              ],
              [
                1.64426943,
                44.62540149
              ],
              [
                1.64446337,
                44.62537054
              ],
              [
                1.64465585,
                44.62533525
              ],
              [
                1.64484667,
                44.62529564
              ],
              [
                1.64503565,
                44.62525175
              ],
              [
                1.64522259,
                44.62520363
              ],
              [
                1.64540732,
                44.62515133
              ],
              [
                1.64558965,
                44.62509489
              ],
              [
                1.64561328,
                44.62508726
              ],
              [
                1.64579527,
                44.62502596
              ],
              [
                1.64597442,
                44.62496054
              ],
              [
                1.64615055,
                44.62489108
              ],
              [
                1.64632349,
                44.62481763
              ],
              [
                1.64649306,
                44.62474028
              ],
              [
                1.64665908,
                44.6246591
              ],
              [
                1.64682139,
                44.62457418
              ],
              [
                1.64697983,
                44.6244856
              ],
              [
                1.64713422,
                44.62439346
              ],
              [
                1.64728441,
                44.62429784
              ],
              [
                1.64743026,
                44.62419885
              ],
              [
                1.6475716,
                44.62409658
              ],
              [
                1.6477083,
                44.62399115
              ],
              [
                1.64784022,
                44.62388265
              ],
              [
                1.64796723,
                44.6237712
              ],
              [
                1.64808918,
                44.62365691
              ],
              [
                1.64820597,
                44.6235399
              ],
              [
                1.64831746,
                44.62342028
              ],
              [
                1.64842356,
                44.62329819
              ],
              [
                1.64852414,
                44.62317374
              ],
              [
                1.64861911,
                44.62304706
              ],
              [
                1.64870836,
                44.62291828
              ],
              [
                1.64879182,
                44.62278753
              ],
              [
                1.64886939,
                44.62265494
              ],
              [
                1.64894099,
                44.62252066
              ],
              [
                1.64900656,
                44.62238481
              ],
              [
                1.64906602,
                44.62224753
              ],
              [
                1.64911931,
                44.62210897
              ],
              [
                1.64912161,
                44.62210261
              ],
              [
                1.64916838,
                44.62196387
              ],
              [
                1.64920897,
                44.62182415
              ],
              [
                1.64924333,
                44.62168358
              ],
              [
                1.64927144,
                44.6215423
              ],
              [
                1.64929327,
                44.62140045
              ],
              [
                1.64930879,
                44.62125818
              ],
              [
                1.64931798,
                44.62111563
              ],
              [
                1.64932085,
                44.62097295
              ],
              [
                1.64931738,
                44.62083027
              ],
              [
                1.64930758,
                44.62068774
              ],
              [
                1.64929146,
                44.62054551
              ],
              [
                1.64926904,
                44.62040371
              ],
              [
                1.64924034,
                44.62026249
              ],
              [
                1.64920538,
                44.620122
              ],
              [
                1.6491642,
                44.61998236
              ],
              [
                1.64915658,
                44.61995841
              ],
              [
                1.64911373,
                44.61983218
              ],
              [
                1.64906581,
                44.6197069
              ],
              [
                1.64901284,
                44.61958265
              ],
              [
                1.64901056,
                44.61957758
              ],
              [
                1.64894619,
                44.61944155
              ],
              [
                1.64887577,
                44.61930706
              ],
              [
                1.64879939,
                44.61917423
              ],
              [
                1.64871711,
                44.61904322
              ],
              [
                1.64862902,
                44.61891415
              ],
              [
                1.64853521,
                44.61878714
              ],
              [
                1.64843578,
                44.61866234
              ],
              [
                1.64833083,
                44.61853987
              ],
              [
                1.64822046,
                44.61841985
              ],
              [
                1.64810479,
                44.61830241
              ],
              [
                1.64798394,
                44.61818766
              ],
              [
                1.64785802,
                44.61807573
              ],
              [
                1.64772717,
                44.61796672
              ],
              [
                1.64759151,
                44.61786074
              ],
              [
                1.6474512,
                44.61775791
              ],
              [
                1.64730636,
                44.61765833
              ],
              [
                1.64715715,
                44.61756209
              ],
              [
                1.64700372,
                44.61746931
              ],
              [
                1.64684623,
                44.61738007
              ],
              [
                1.64668483,
                44.61729446
              ],
              [
                1.64651969,
                44.61721257
              ],
              [
                1.64635097,
                44.61713448
              ],
              [
                1.64617886,
                44.61706028
              ],
              [
                1.64600352,
                44.61699004
              ],
              [
                1.64582513,
                44.61692382
              ],
              [
                1.64564388,
                44.61686171
              ],
              [
                1.64562625,
                44.61685591
              ],
              [
                1.64551425,
                44.61682002
              ],
              [
                1.64550674,
                44.61681768
              ],
              [
                1.64532351,
                44.61676294
              ],
              [
                1.64513796,
                44.61671234
              ],
              [
                1.64495026,
                44.61666595
              ],
              [
                1.64476062,
                44.6166238
              ],
              [
                1.64456921,
                44.61658595
              ],
              [
                1.64437622,
                44.61655242
              ],
              [
                1.64418185,
                44.61652325
              ],
              [
                1.64398629,
                44.61649847
              ],
              [
                1.64378973,
                44.6164781
              ],
              [
                1.64359238,
                44.61646217
              ],
              [
                1.64339442,
                44.61645068
              ],
              [
                1.64319605,
                44.61644366
              ],
              [
                1.64299746,
                44.6164411
              ],
              [
                1.64279887,
                44.61644302
              ],
              [
                1.64260046,
                44.6164494
              ],
              [
                1.64240242,
                44.61646025
              ],
              [
                1.64220497,
                44.61647554
              ],
              [
                1.64200829,
                44.61649528
              ],
              [
                1.64181257,
                44.61651943
              ],
              [
                1.64161802,
                44.61654797
              ],
              [
                1.64159452,
                44.61655197
              ]
            ]
          ]
        ]
      },
      "properties": {
        "name": "Abords (servitude AC1) — Église (crypte) de Caniac-du-Causse",
        "kind": "perimetre",
        "source": "GPU (servitude AC1, UDAP 46) — data.geopf.fr WFS wfs_sup:assiette_sup_s, verifie 2026-09-27",
        "description": "[FAIT] Église (crypte) de Caniac-du-Causse (PA00095038) : 1923/03/08 : crypte classee MH. Le monument lui-meme est hors de l'environnement large etudie, mais son perimetre officiel d'abords (servitude AC1) y penetre partiellement. 20,4 ha des abords officiels entrent dans l'environnement large (le point Merimee, a 1.64298,44.62097, est situe hors bbox, a l'extremite est). Abords de monument historique (servitude AC1, zone tampon officielle de 500 m autour de l'emprise protegee, sans Perimetre Delimite des Abords - PDA). La protection ne s'applique qu'aux immeubles visibles du monument ou visibles en meme temps que lui (art. L621-30 code du patrimoine). Seuls les travaux modifiant l'aspect exterieur d'un immeuble concerne sont soumis a autorisation avec accord de l'Architecte des Batiments de France (art. L621-32 code du patrimoine). Detection metal a visee historique ou archeologique soumise partout a autorisation prealable, quel que soit le lieu (art. L542-1 code du patrimoine).",
        "ref": "PA00095038"
      },
      "id": "perimetre-13"
    },
    {
      "type": "Feature",
      "geometry": {
        "type": "MultiPolygon",
        "coordinates": [
          [
            [
              [
                1.53051325,
                44.72521776
              ],
              [
                1.53057449,
                44.7253532
              ],
              [
                1.53064169,
                44.7254872
              ],
              [
                1.53071481,
                44.72561961
              ],
              [
                1.53079376,
                44.72575031
              ],
              [
                1.53087847,
                44.72587916
              ],
              [
                1.53096885,
                44.72600604
              ],
              [
                1.5310648,
                44.72613082
              ],
              [
                1.53116625,
                44.72625338
              ],
              [
                1.53127307,
                44.72637358
              ],
              [
                1.53138518,
                44.72649132
              ],
              [
                1.53150245,
                44.72660648
              ],
              [
                1.53162476,
                44.72671894
              ],
              [
                1.53175201,
                44.72682858
              ],
              [
                1.53188405,
                44.7269353
              ],
              [
                1.53202075,
                44.72703899
              ],
              [
                1.53216199,
                44.72713955
              ],
              [
                1.53230762,
                44.72723688
              ],
              [
                1.53245748,
                44.72733088
              ],
              [
                1.53261145,
                44.72742145
              ],
              [
                1.53276935,
                44.72750851
              ],
              [
                1.53293103,
                44.72759196
              ],
              [
                1.53309633,
                44.72767174
              ],
              [
                1.53326509,
                44.72774774
              ],
              [
                1.53343713,
                44.72781991
              ],
              [
                1.53361229,
                44.72788816
              ],
              [
                1.53379039,
                44.72795243
              ],
              [
                1.53397125,
                44.72801266
              ],
              [
                1.53415469,
                44.72806878
              ],
              [
                1.53434052,
                44.72812074
              ],
              [
                1.53452857,
                44.72816848
              ],
              [
                1.53471864,
                44.72821197
              ],
              [
                1.53491054,
                44.72825114
              ],
              [
                1.53510409,
                44.72828598
              ],
              [
                1.53529908,
                44.72831643
              ],
              [
                1.53549533,
                44.72834248
              ],
              [
                1.53569263,
                44.72836409
              ],
              [
                1.5358908,
                44.72838125
              ],
              [
                1.53608962,
                44.72839393
              ],
              [
                1.53628891,
                44.72840212
              ],
              [
                1.53648846,
                44.72840582
              ],
              [
                1.53652068,
                44.72840605
              ],
              [
                1.53671972,
                44.72840526
              ],
              [
                1.53691863,
                44.7284
              ],
              [
                1.5371172,
                44.72839027
              ],
              [
                1.53731525,
                44.72837608
              ],
              [
                1.53751257,
                44.72835745
              ],
              [
                1.53770897,
                44.7283344
              ],
              [
                1.53790425,
                44.72830694
              ],
              [
                1.53809822,
                44.72827512
              ],
              [
                1.53829068,
                44.72823894
              ],
              [
                1.53848145,
                44.72819846
              ],
              [
                1.53867034,
                44.72815372
              ],
              [
                1.53885716,
                44.72810475
              ],
              [
                1.53904171,
                44.72805161
              ],
              [
                1.53922383,
                44.72799435
              ],
              [
                1.53940332,
                44.72793303
              ],
              [
                1.53958001,
                44.7278677
              ],
              [
                1.53975372,
                44.72779843
              ],
              [
                1.53992429,
                44.7277253
              ],
              [
                1.54009154,
                44.72764837
              ],
              [
                1.5402553,
                44.72756772
              ],
              [
                1.54041542,
                44.72748343
              ],
              [
                1.54057172,
                44.72739559
              ],
              [
                1.54072407,
                44.72730427
              ],
              [
                1.54087231,
                44.72720958
              ],
              [
                1.54101628,
                44.72711161
              ],
              [
                1.54115585,
                44.72701045
              ],
              [
                1.54129088,
                44.7269062
              ],
              [
                1.54142123,
                44.72679897
              ],
              [
                1.54154677,
                44.72668887
              ],
              [
                1.54166739,
                44.726576
              ],
              [
                1.54178295,
                44.72646047
              ],
              [
                1.54189335,
                44.72634241
              ],
              [
                1.54199847,
                44.72622192
              ],
              [
                1.54209822,
                44.72609913
              ],
              [
                1.54219248,
                44.72597416
              ],
              [
                1.54228118,
                44.72584714
              ],
              [
                1.54236421,
                44.72571819
              ],
              [
                1.5424415,
                44.72558743
              ],
              [
                1.54245527,
                44.72556307
              ],
              [
                1.542526,
                44.72543208
              ],
              [
                1.54259097,
                44.72529959
              ],
              [
                1.54265011,
                44.72516572
              ],
              [
                1.54270336,
                44.7250306
              ],
              [
                1.54275068,
                44.72489436
              ],
              [
                1.54279202,
                44.72475713
              ],
              [
                1.54282734,
                44.72461905
              ],
              [
                1.54285661,
                44.72448026
              ],
              [
                1.54287979,
                44.72434088
              ],
              [
                1.54289686,
                44.72420106
              ],
              [
                1.54290781,
                44.72406092
              ],
              [
                1.54291263,
                44.72392061
              ],
              [
                1.54291131,
                44.72378025
              ],
              [
                1.54290385,
                44.72364
              ],
              [
                1.54289026,
                44.72349998
              ],
              [
                1.54287056,
                44.72336033
              ],
              [
                1.54284476,
                44.72322119
              ],
              [
                1.54281289,
                44.72308268
              ],
              [
                1.54277497,
                44.72294496
              ],
              [
                1.54273106,
                44.72280814
              ],
              [
                1.54268118,
                44.72267237
              ],
              [
                1.54262539,
                44.72253777
              ],
              [
                1.54256374,
                44.72240447
              ],
              [
                1.54249629,
                44.72227261
              ],
              [
                1.54242311,
                44.72214231
              ],
              [
                1.54234426,
                44.72201371
              ],
              [
                1.54225984,
                44.72188692
              ],
              [
                1.54216991,
                44.72176206
              ],
              [
                1.54207456,
                44.72163927
              ],
              [
                1.54197389,
                44.72151865
              ],
              [
                1.541868,
                44.72140033
              ],
              [
                1.54175698,
                44.72128443
              ],
              [
                1.54164095,
                44.72117104
              ],
              [
                1.54152002,
                44.72106029
              ],
              [
                1.5413943,
                44.72095228
              ],
              [
                1.54126393,
                44.72084712
              ],
              [
                1.54112902,
                44.72074491
              ],
              [
                1.5409897,
                44.72064574
              ],
              [
                1.54084612,
                44.72054972
              ],
              [
                1.54069841,
                44.72045694
              ],
              [
                1.54054671,
                44.72036748
              ],
              [
                1.54039118,
                44.72028145
              ],
              [
                1.54023196,
                44.7201989
              ],
              [
                1.54006921,
                44.72011994
              ],
              [
                1.53990309,
                44.72004464
              ],
              [
                1.53973375,
                44.71997306
              ],
              [
                1.53956137,
                44.71990528
              ],
              [
                1.53938611,
                44.71984137
              ],
              [
                1.53920814,
                44.71978138
              ],
              [
                1.53902763,
                44.71972537
              ],
              [
                1.53884476,
                44.71967341
              ],
              [
                1.53865971,
                44.71962554
              ],
              [
                1.53847266,
                44.7195818
              ],
              [
                1.53828378,
                44.71954224
              ],
              [
                1.53809327,
                44.7195069
              ],
              [
                1.5379013,
                44.71947581
              ],
              [
                1.53770807,
                44.719449
              ],
              [
                1.53751376,
                44.71942649
              ],
              [
                1.53731856,
                44.71940832
              ],
              [
                1.53712266,
                44.7193945
              ],
              [
                1.53692626,
                44.71938503
              ],
              [
                1.53672953,
                44.71937994
              ],
              [
                1.53667286,
                44.7193791
              ],
              [
                1.53647425,
                44.7193784
              ],
              [
                1.53627571,
                44.71938215
              ],
              [
                1.53607742,
                44.71939035
              ],
              [
                1.5358796,
                44.71940299
              ],
              [
                1.53568244,
                44.71942006
              ],
              [
                1.53548612,
                44.71944154
              ],
              [
                1.53529085,
                44.71946742
              ],
              [
                1.53509681,
                44.71949766
              ],
              [
                1.53490421,
                44.71953224
              ],
              [
                1.53471323,
                44.71957112
              ],
              [
                1.53452405,
                44.71961426
              ],
              [
                1.53433688,
                44.71966163
              ],
              [
                1.53415188,
                44.71971316
              ],
              [
                1.53396925,
                44.71976883
              ],
              [
                1.53378917,
                44.71982855
              ],
              [
                1.53361181,
                44.71989229
              ],
              [
                1.53343735,
                44.71995998
              ],
              [
                1.53326596,
                44.72003154
              ],
              [
                1.53309781,
                44.72010691
              ],
              [
                1.53293307,
                44.72018601
              ],
              [
                1.5327719,
                44.72026877
              ],
              [
                1.53261446,
                44.7203551
              ],
              [
                1.53246091,
                44.72044492
              ],
              [
                1.53231139,
                44.72053814
              ],
              [
                1.53216606,
                44.72063466
              ],
              [
                1.53202507,
                44.7207344
              ],
              [
                1.53188854,
                44.72083725
              ],
              [
                1.53175661,
                44.72094311
              ],
              [
                1.53162942,
                44.72105187
              ],
              [
                1.53150709,
                44.72116344
              ],
              [
                1.53138975,
                44.72127769
              ],
              [
                1.5312775,
                44.72139452
              ],
              [
                1.53117046,
                44.7215138
              ],
              [
                1.53106873,
                44.72163543
              ],
              [
                1.53097243,
                44.72175928
              ],
              [
                1.53088163,
                44.72188523
              ],
              [
                1.53079643,
                44.72201315
              ],
              [
                1.53071692,
                44.72214291
              ],
              [
                1.53064318,
                44.7222744
              ],
              [
                1.53057527,
                44.72240748
              ],
              [
                1.53051327,
                44.72254201
              ],
              [
                1.53045723,
                44.72267786
              ],
              [
                1.53040721,
                44.72281491
              ],
              [
                1.53036326,
                44.72295301
              ],
              [
                1.53032543,
                44.72309203
              ],
              [
                1.53029375,
                44.72323182
              ],
              [
                1.53026826,
                44.72337226
              ],
              [
                1.53024897,
                44.7235132
              ],
              [
                1.53023591,
                44.7236545
              ],
              [
                1.53022909,
                44.72379603
              ],
              [
                1.53022852,
                44.72393763
              ],
              [
                1.53023419,
                44.72407918
              ],
              [
                1.53024611,
                44.72422054
              ],
              [
                1.53026426,
                44.72436155
              ],
              [
                1.53028862,
                44.72450209
              ],
              [
                1.53031918,
                44.72464202
              ],
              [
                1.53035588,
                44.72478119
              ],
              [
                1.53039872,
                44.72491946
              ],
              [
                1.53044763,
                44.72505671
              ],
              [
                1.53050257,
                44.7251928
              ],
              [
                1.53051325,
                44.72521776
              ]
            ]
          ]
        ]
      },
      "properties": {
        "name": "Abords (servitude AC1) — Dolmen des Cloups (Ginouillac)",
        "kind": "perimetre",
        "source": "GPU (servitude AC1, UDAP 46) — data.geopf.fr WFS wfs_sup:assiette_sup_s, verifie 2026-09-27",
        "description": "[FAIT] Dolmen des Cloups (Ginouillac) (PA00095097) : 1973/11/05 : classe MH. Le monument lui-meme est hors de l'environnement large etudie, mais son perimetre officiel d'abords (servitude AC1) y penetre partiellement. 35,8 ha des abords officiels entrent dans l'environnement large (le dolmen, a 1.53657,44.72389, est situe hors bbox, a l'extremite nord). Abords de monument historique (servitude AC1, zone tampon officielle de 500 m autour de l'emprise protegee, sans Perimetre Delimite des Abords - PDA). La protection ne s'applique qu'aux immeubles visibles du monument ou visibles en meme temps que lui (art. L621-30 code du patrimoine). Seuls les travaux modifiant l'aspect exterieur d'un immeuble concerne sont soumis a autorisation avec accord de l'Architecte des Batiments de France (art. L621-32 code du patrimoine). Detection metal a visee historique ou archeologique soumise partout a autorisation prealable, quel que soit le lieu (art. L542-1 code du patrimoine).",
        "ref": "PA00095097"
      },
      "id": "perimetre-14"
    },
    {
      "type": "Feature",
      "geometry": {
        "type": "MultiPolygon",
        "coordinates": [
          [
            [
              [
                1.53404007,
                44.72223582
              ],
              [
                1.53390224,
                44.72233734
              ],
              [
                1.53376894,
                44.7224419
              ],
              [
                1.53364031,
                44.72254939
              ],
              [
                1.53351648,
                44.72265971
              ],
              [
                1.53339756,
                44.72277274
              ],
              [
                1.53328368,
                44.72288837
              ],
              [
                1.53317494,
                44.7230065
              ],
              [
                1.53307146,
                44.723127
              ],
              [
                1.53297333,
                44.72324976
              ],
              [
                1.53288065,
                44.72337465
              ],
              [
                1.53279352,
                44.72350156
              ],
              [
                1.53271201,
                44.72363035
              ],
              [
                1.53263622,
                44.7237609
              ],
              [
                1.53256621,
                44.72389309
              ],
              [
                1.53250205,
                44.72402677
              ],
              [
                1.53244381,
                44.72416183
              ],
              [
                1.53239154,
                44.72429812
              ],
              [
                1.5323453,
                44.72443551
              ],
              [
                1.53230513,
                44.72457387
              ],
              [
                1.53227106,
                44.72471306
              ],
              [
                1.53224315,
                44.72485295
              ],
              [
                1.5322214,
                44.72499339
              ],
              [
                1.53220585,
                44.72513425
              ],
              [
                1.53219651,
                44.72527538
              ],
              [
                1.53219338,
                44.72541666
              ],
              [
                1.53219648,
                44.72555793
              ],
              [
                1.53220579,
                44.72569907
              ],
              [
                1.53222132,
                44.72583993
              ],
              [
                1.53224303,
                44.72598037
              ],
              [
                1.53227092,
                44.72612026
              ],
              [
                1.53230496,
                44.72625946
              ],
              [
                1.5323451,
                44.72639782
              ],
              [
                1.53239132,
                44.72653522
              ],
              [
                1.53244356,
                44.72667152
              ],
              [
                1.53250178,
                44.72680658
              ],
              [
                1.53256591,
                44.72694027
              ],
              [
                1.5326359,
                44.72707246
              ],
              [
                1.53271168,
                44.72720302
              ],
              [
                1.53279316,
                44.72733182
              ],
              [
                1.53288028,
                44.72745873
              ],
              [
                1.53297294,
                44.72758363
              ],
              [
                1.53307106,
                44.7277064
              ],
              [
                1.53317453,
                44.72782691
              ],
              [
                1.53328326,
                44.72794505
              ],
              [
                1.53339713,
                44.72806069
              ],
              [
                1.53351604,
                44.72817373
              ],
              [
                1.53363987,
                44.72828406
              ],
              [
                1.5337685,
                44.72839156
              ],
              [
                1.53390179,
                44.72849613
              ],
              [
                1.53403963,
                44.72859766
              ],
              [
                1.53404669,
                44.72860271
              ],
              [
                1.53418041,
                44.72869539
              ],
              [
                1.53430927,
                44.7287821
              ],
              [
                1.53444768,
                44.7288725
              ],
              [
                1.53447713,
                44.72889117
              ],
              [
                1.5346274,
                44.72898345
              ],
              [
                1.53478166,
                44.72907233
              ],
              [
                1.53493977,
                44.72915771
              ],
              [
                1.53510155,
                44.7292395
              ],
              [
                1.53526687,
                44.72931764
              ],
              [
                1.53543554,
                44.72939203
              ],
              [
                1.53560741,
                44.72946261
              ],
              [
                1.5357823,
                44.72952931
              ],
              [
                1.53596005,
                44.72959206
              ],
              [
                1.53614047,
                44.72965079
              ],
              [
                1.5363234,
                44.72970546
              ],
              [
                1.53650864,
                44.72975601
              ],
              [
                1.53669601,
                44.72980238
              ],
              [
                1.53688534,
                44.72984454
              ],
              [
                1.53707644,
                44.72988244
              ],
              [
                1.5372691,
                44.72991604
              ],
              [
                1.53746316,
                44.7299453
              ],
              [
                1.53765841,
                44.72997021
              ],
              [
                1.53785465,
                44.72999074
              ],
              [
                1.53805171,
                44.73000686
              ],
              [
                1.53824938,
                44.73001856
              ],
              [
                1.53844747,
                44.73002583
              ],
              [
                1.53864578,
                44.73002866
              ],
              [
                1.53884412,
                44.73002705
              ],
              [
                1.53904228,
                44.730021
              ],
              [
                1.53924009,
                44.73001052
              ],
              [
                1.53943733,
                44.72999561
              ],
              [
                1.53963382,
                44.72997629
              ],
              [
                1.53982937,
                44.72995259
              ],
              [
                1.54002377,
                44.72992451
              ],
              [
                1.54021683,
                44.7298921
              ],
              [
                1.54040838,
                44.72985538
              ],
              [
                1.54059821,
                44.72981439
              ],
              [
                1.54078614,
                44.72976917
              ],
              [
                1.54097199,
                44.72971977
              ],
              [
                1.54115557,
                44.72966623
              ],
              [
                1.5413367,
                44.7296086
              ],
              [
                1.5415152,
                44.72954695
              ],
              [
                1.54169089,
                44.72948133
              ],
              [
                1.54186361,
                44.72941181
              ],
              [
                1.54203318,
                44.72933846
              ],
              [
                1.54219943,
                44.72926135
              ],
              [
                1.5423622,
                44.72918055
              ],
              [
                1.54252134,
                44.72909615
              ],
              [
                1.54267667,
                44.72900822
              ],
              [
                1.54282805,
                44.72891686
              ],
              [
                1.54297534,
                44.72882216
              ],
              [
                1.54311838,
                44.72872421
              ],
              [
                1.54318593,
                44.72867647
              ],
              [
                1.54332469,
                44.72857528
              ],
              [
                1.54345892,
                44.72847103
              ],
              [
                1.54358849,
                44.72836383
              ],
              [
                1.54371327,
                44.72825377
              ],
              [
                1.54383313,
                44.72814097
              ],
              [
                1.54394796,
                44.72802554
              ],
              [
                1.54405764,
                44.7279076
              ],
              [
                1.54416207,
                44.72778725
              ],
              [
                1.54426114,
                44.72766463
              ],
              [
                1.54435475,
                44.72753984
              ],
              [
                1.54444281,
                44.72741302
              ],
              [
                1.54452524,
                44.72728429
              ],
              [
                1.54460195,
                44.72715378
              ],
              [
                1.54467287,
                44.72702161
              ],
              [
                1.54473793,
                44.72688791
              ],
              [
                1.54479705,
                44.72675283
              ],
              [
                1.5448502,
                44.72661649
              ],
              [
                1.5448973,
                44.72647902
              ],
              [
                1.54493832,
                44.72634057
              ],
              [
                1.54497322,
                44.72620126
              ],
              [
                1.54500195,
                44.72606125
              ],
              [
                1.5450245,
                44.72592065
              ],
              [
                1.54504084,
                44.72577963
              ],
              [
                1.54505095,
                44.7256383
              ],
              [
                1.54505483,
                44.72549682
              ],
              [
                1.54505247,
                44.72535532
              ],
              [
                1.54504386,
                44.72521395
              ],
              [
                1.54502903,
                44.72507283
              ],
              [
                1.54500799,
                44.72493212
              ],
              [
                1.54498075,
                44.72479195
              ],
              [
                1.54494735,
                44.72465246
              ],
              [
                1.54490781,
                44.72451379
              ],
              [
                1.54486218,
                44.72437607
              ],
              [
                1.5448105,
                44.72423945
              ],
              [
                1.54475282,
                44.72410404
              ],
              [
                1.5446892,
                44.72397
              ],
              [
                1.54468358,
                44.72395928
              ],
              [
                1.54463035,
                44.72385152
              ],
              [
                1.54455789,
                44.72371846
              ],
              [
                1.54447956,
                44.72358711
              ],
              [
                1.54439543,
                44.7234576
              ],
              [
                1.54430557,
                44.72333005
              ],
              [
                1.5442101,
                44.72320459
              ],
              [
                1.54410909,
                44.72308136
              ],
              [
                1.54400265,
                44.72296047
              ],
              [
                1.54389089,
                44.72284205
              ],
              [
                1.54377392,
                44.72272622
              ],
              [
                1.54365186,
                44.72261308
              ],
              [
                1.54352483,
                44.72250276
              ],
              [
                1.54339296,
                44.72239537
              ],
              [
                1.54325638,
                44.72229101
              ],
              [
                1.54311523,
                44.7221898
              ],
              [
                1.54296965,
                44.72209182
              ],
              [
                1.54295189,
                44.72208024
              ],
              [
                1.54280213,
                44.72198567
              ],
              [
                1.54264824,
                44.72189452
              ],
              [
                1.54249039,
                44.7218069
              ],
              [
                1.54232871,
                44.72172289
              ],
              [
                1.54216339,
                44.72164257
              ],
              [
                1.54199458,
                44.72156602
              ],
              [
                1.54182245,
                44.72149333
              ],
              [
                1.54164718,
                44.72142456
              ],
              [
                1.54146894,
                44.72135978
              ],
              [
                1.54128792,
                44.72129907
              ],
              [
                1.54110428,
                44.72124247
              ],
              [
                1.54109702,
                44.72124042
              ],
              [
                1.54107248,
                44.72123257
              ],
              [
                1.54088929,
                44.72117878
              ],
              [
                1.54070382,
                44.72112912
              ],
              [
                1.54051626,
                44.72108363
              ],
              [
                1.54032679,
                44.72104235
              ],
              [
                1.54013559,
                44.72100534
              ],
              [
                1.53994286,
                44.72097262
              ],
              [
                1.53974879,
                44.72094423
              ],
              [
                1.53955356,
                44.72092019
              ],
              [
                1.53935737,
                44.72090053
              ],
              [
                1.53916041,
                44.72088527
              ],
              [
                1.53896288,
                44.72087442
              ],
              [
                1.53876497,
                44.720868
              ],
              [
                1.53856687,
                44.72086601
              ],
              [
                1.53836878,
                44.72086844
              ],
              [
                1.5381709,
                44.72087531
              ],
              [
                1.53797342,
                44.7208866
              ],
              [
                1.53777653,
                44.7209023
              ],
              [
                1.53758042,
                44.7209224
              ],
              [
                1.5373853,
                44.72094687
              ],
              [
                1.53719136,
                44.7209757
              ],
              [
                1.53699877,
                44.72100885
              ],
              [
                1.53680774,
                44.72104629
              ],
              [
                1.53661845,
                44.72108798
              ],
              [
                1.53643109,
                44.72113389
              ],
              [
                1.53624584,
                44.72118397
              ],
              [
                1.53606288,
                44.72123817
              ],
              [
                1.5358824,
                44.72129643
              ],
              [
                1.53570457,
                44.7213587
              ],
              [
                1.53552957,
                44.72142491
              ],
              [
                1.53535757,
                44.72149501
              ],
              [
                1.53518874,
                44.72156892
              ],
              [
                1.53502324,
                44.72164657
              ],
              [
                1.53486124,
                44.72172789
              ],
              [
                1.5347029,
                44.72181278
              ],
              [
                1.53454838,
                44.72190118
              ],
              [
                1.53439781,
                44.72199299
              ],
              [
                1.53425137,
                44.72208813
              ],
              [
                1.53410918,
                44.72218649
              ],
              [
                1.53404007,
                44.72223582
              ]
            ]
          ]
        ]
      },
      "properties": {
        "name": "Abords (servitude AC1) — Presbytère (Ginouillac)",
        "kind": "perimetre",
        "source": "GPU (servitude AC1, UDAP 46) — data.geopf.fr WFS wfs_sup:assiette_sup_s, verifie 2026-09-27",
        "description": "[FAIT] Presbytère (Ginouillac) (PA00095098) : 1979/04/23 : inscrit MH partiellement. Le monument lui-meme est hors de l'environnement large etudie, mais son perimetre officiel d'abords (servitude AC1) y penetre partiellement. 19,8 ha des abords officiels entrent dans l'environnement large (le presbytere, a 1.53863,44.72545, est situe hors bbox, a l'extremite nord). Abords de monument historique (servitude AC1, zone tampon officielle de 500 m autour de l'emprise protegee, sans Perimetre Delimite des Abords - PDA). La protection ne s'applique qu'aux immeubles visibles du monument ou visibles en meme temps que lui (art. L621-30 code du patrimoine). Seuls les travaux modifiant l'aspect exterieur d'un immeuble concerne sont soumis a autorisation avec accord de l'Architecte des Batiments de France (art. L621-32 code du patrimoine). Detection metal a visee historique ou archeologique soumise partout a autorisation prealable, quel que soit le lieu (art. L542-1 code du patrimoine).",
        "ref": "PA00095098"
      },
      "id": "perimetre-15"
    },
    {
      "type": "Feature",
      "geometry": {
        "type": "Polygon",
        "coordinates": [
          [
            [
              1.61012,
              44.71715
            ],
            [
              1.60913,
              44.71689
            ],
            [
              1.60911,
              44.71756
            ],
            [
              1.6082,
              44.718
            ],
            [
              1.61122,
              44.71931
            ],
            [
              1.60924,
              44.72102
            ],
            [
              1.6083,
              44.72298
            ],
            [
              1.61157,
              44.72248
            ],
            [
              1.61149,
              44.7232
            ],
            [
              1.61247,
              44.7235
            ],
            [
              1.61839,
              44.7235
            ],
            [
              1.61835,
              44.7223
            ],
            [
              1.61484,
              44.72119
            ],
            [
              1.61431,
              44.71894
            ],
            [
              1.61242,
              44.71624
            ],
            [
              1.61012,
              44.71715
            ]
          ]
        ]
      },
      "properties": {
        "name": "Village de Carlucet (46) et ses abords",
        "kind": "site_classe",
        "source": "data.geopf.fr WFS (Geoplateforme IGN), couche sites classes/inscrits France metropolitaine, extrait 2026-09-27",
        "description": "[FAIT] Site inscrit au titre de la loi du 2 mai 1930 (art. L341-1 code de l'environnement). Le proprietaire doit aviser l'administration au moins 4 mois avant tout travaux autre que l'exploitation courante des fonds ruraux ou l'entretien normal des constructions — PAS d'autorisation prealable requise pour un site inscrit (regime different d'un site classe). Detection metal a visee historique ou archeologique soumise partout a autorisation prealable, quel que soit le lieu (art. L542-1 code du patrimoine). Créé le 28/04/1972 (WFS data.geopf.fr sites_metropole, typesite=« Site inscrit »). Gestionnaire : DREAL Occitanie. Geometrie simplifiee/decoupee sur l'environnement large — contour exact a verifier sur https://atlas.patrimoines.culture.fr/ avant sortie.",
        "ref": "AC2-130006091-01090"
      },
      "id": "site-classe-01"
    },
    {
      "type": "Feature",
      "geometry": {
        "type": "Polygon",
        "coordinates": [
          [
            [
              1.45376,
              44.52357
            ],
            [
              1.4596,
              44.52571
            ],
            [
              1.4612,
              44.5235
            ],
            [
              1.45362,
              44.5235
            ],
            [
              1.45376,
              44.52357
            ]
          ]
        ]
      },
      "properties": {
        "name": "Château de Roussillon et ses abords",
        "kind": "site_classe",
        "source": "data.geopf.fr WFS (Geoplateforme IGN), couche sites classes/inscrits France metropolitaine, extrait 2026-09-27",
        "description": "[FAIT] Site inscrit au titre de la loi du 2 mai 1930 (art. L341-1 code de l'environnement). Le proprietaire doit aviser l'administration au moins 4 mois avant tout travaux autre que l'exploitation courante des fonds ruraux ou l'entretien normal des constructions — PAS d'autorisation prealable requise pour un site inscrit (regime different d'un site classe). Detection metal a visee historique ou archeologique soumise partout a autorisation prealable, quel que soit le lieu (art. L542-1 code du patrimoine). Créé le 10/12/1971 (WFS data.geopf.fr sites_metropole, typesite=« Site inscrit »). Gestionnaire : DREAL Occitanie. Geometrie simplifiee/decoupee sur l'environnement large — contour exact a verifier sur https://atlas.patrimoines.culture.fr/ avant sortie.",
        "ref": "AC2-130006091-01081"
      },
      "id": "site-classe-02"
    },
    {
      "type": "Feature",
      "geometry": {
        "type": "Polygon",
        "coordinates": [
          [
            [
              1.6399684385360775,
              44.671574652270515
            ],
            [
              1.639967255204095,
              44.671548161005
            ],
            [
              1.6399624387024803,
              44.671521880067274
            ],
            [
              1.639954035421725,
              44.671496062556685
            ],
            [
              1.639942126294613,
              44.671470957109136
            ],
            [
              1.6399268260166164,
              44.67144680550267
            ],
            [
              1.6399082819411617,
              44.67142384032907
            ],
            [
              1.6398866726604016,
              44.67140228275389
            ],
            [
              1.639862206285174,
              44.671382340386586
            ],
            [
              1.6398351184407247,
              44.671364205281236
            ],
            [
              1.6398056699974795,
              44.671348052086955
            ],
            [
              1.639774144558728,
              44.67133403636599
            ],
            [
              1.6397408457294187,
              44.67132229309577
            ],
            [
              1.6397060941923727,
              44.6713129353689
            ],
            [
              1.6396702246200459,
              44.67130605330416
            ],
            [
              1.6396335824515937,
              44.6713017131787
            ],
            [
              1.6395965205662846,
              44.671299956789646
            ],
            [
              1.6395593958852575,
              44.67130080105178
            ],
            [
              1.6395225659343744,
              44.67130423783449
            ],
            [
              1.639486385401248,
              44.67131023404017
            ],
            [
              1.6394512027195907,
              44.67131873192292
            ],
            [
              1.6394173567137935,
              44.67132964964458
            ],
            [
              1.639385173336011,
              44.67134288206296
            ],
            [
              1.6393549625271955,
              44.67135830174423
            ],
            [
              1.6393270152322956,
              44.67137576019019
            ],
            [
              1.6393016005983623,
              44.671395089268344
            ],
            [
              1.639278963382541,
              44.67141610283092
            ],
            [
              1.6392593215949085,
              44.67143859850766
            ],
            [
              1.6392428643988748,
              44.67146235965456
            ],
            [
              1.6392297502893463,
              44.671487157440275
            ],
            [
              1.6392201055662106,
              44.67151275304981
            ],
            [
              1.6392140231178542,
              44.67153889998437
            ],
            [
              1.6392115615264256,
              44.6715653464353
            ],
            [
              1.639212744503473,
              44.671591837709066
            ],
            [
              1.6392175606613915,
              44.6716181186801
            ],
            [
              1.6392259636228959,
              44.671643936247804
            ],
            [
              1.639237872467472,
              44.67166904177407
            ],
            [
              1.6392531725105046,
              44.67169319347781
            ],
            [
              1.6392717164075978,
              44.67171615876351
            ],
            [
              1.639293325573453,
              44.67173771646133
            ],
            [
              1.6393177919016473,
              44.67175765895707
            ],
            [
              1.6393448797687427,
              44.67177579419173
            ],
            [
              1.6393743283034432,
              44.67179194751126
            ],
            [
              1.6394058538989453,
              44.67180596334852
            ],
            [
              1.639439152944275,
              44.67181770672171
            ],
            [
              1.6394739047483111,
              44.67182706453417
            ],
            [
              1.6395097746283371,
              44.671833946663895
            ],
            [
              1.639546417133373,
              44.67183828683123
            ],
            [
              1.6395834793712152,
              44.671840043237424
            ],
            [
              1.639620604407177,
              44.67183919896704
            ],
            [
              1.639657434701757,
              44.671835762151
            ],
            [
              1.639693615554134,
              44.6718297658882
            ],
            [
              1.639728798518327,
              44.67182126792676
            ],
            [
              1.6397626447590883,
              44.67181035010781
            ],
            [
              1.6397948283152317,
              44.671797117577334
            ],
            [
              1.6398250392389528,
              44.67178169777343
            ],
            [
              1.6398529865808862,
              44.67176423919901
            ],
            [
              1.639878401192173,
              44.67174490999155
            ],
            [
              1.6399010383165387,
              44.67172389630375
            ],
            [
              1.639920679947421,
              44.6717014005107
            ],
            [
              1.639937136927434,
              44.671677639260835
            ],
            [
              1.6399502507699726,
              44.67165284138952
            ],
            [
              1.639959895185409,
              44.67162724571501
            ],
            [
              1.639965977297182,
              44.67160109873857
            ],
            [
              1.6399684385360775,
              44.671574652270515
            ]
          ]
        ]
      },
      "properties": {
        "name": "Dolmen de Combescure",
        "kind": "autre",
        "source": "OpenStreetMap (Overpass, overpass.kumi.systems), node/4471713305 ; confirme par IGN BD TOPO (zone_d_activite_ou_d_interet, toponyme « Dolmen de Combescure », nature Megalithe), extrait 2026-09-27",
        "description": "[FAIT] Dolmen (megalithe), confirme par deux sources independantes convergentes a 19 m pres (OSM et BD TOPO IGN). Non protege MH (absent de la base Merimee au 2026-09) ; pas de ZPPA connue sur la commune de Cœur de Causse pour ce site (PAC 2015 PLUi Causse de Labastide-Murat, seules ZPPA listees : Blars et Cras/Murcens). Detection metal a visee historique ou archeologique soumise partout a autorisation prealable, quel que soit le lieu (art. L542-1 code du patrimoine)."
      },
      "id": "archeo-osm-01"
    },
    {
      "type": "Feature",
      "geometry": {
        "type": "Polygon",
        "coordinates": [
          [
            [
              1.6090984510710693,
              44.67382475784624
            ],
            [
              1.609097282206272,
              44.67379826623024
            ],
            [
              1.6090924799117765,
              44.67377198392867
            ],
            [
              1.609084090441254,
              44.673746164053995
            ],
            [
              1.6090721945944904,
              44.67372105526486
            ],
            [
              1.6090569069390646,
              44.673696899371535
            ],
            [
              1.6090383747068422,
              44.673673929007066
            ],
            [
              1.6090167763759233,
              44.673652365387
            ],
            [
              1.6089923199516976,
              44.67363241617903
            ],
            [
              1.6089652409635808,
              44.67361427350311
            ],
            [
              1.6089358001967113,
              44.67359811208122
            ],
            [
              1.6089042811804544,
              44.67358408755491
            ],
            [
              1.608870987457911,
              44.67357233498633
            ],
            [
              1.608836239662723,
              44.67356296755771
            ],
            [
              1.6088003724313127,
              44.67355607548122
            ],
            [
              1.608763731180294,
              44.67355172513041
            ],
            [
              1.6087266687800994,
              44.67354995840096
            ],
            [
              1.6086895421568277,
              44.67355079230714
            ],
            [
              1.608652708855044,
              44.673554218818126
            ],
            [
              1.6086165235946321,
              44.67356020493521
            ],
            [
              1.6085813348548272,
              44.67356869300965
            ],
            [
              1.6085474815183611,
              44.67357960129777
            ],
            [
              1.6085152896079844,
              44.673592824748184
            ],
            [
              1.608485069146818,
              44.673608236013465
            ],
            [
              1.6084571111727648,
              44.67362568667645
            ],
            [
              1.6084316849357174,
              44.67364500867961
            ],
            [
              1.6084090353045621,
              44.67366601594329
            ],
            [
              1.6083893804089384,
              44.673688506157895
            ],
            [
              1.608372909538489,
              44.67371226273207
            ],
            [
              1.6083597813198107,
              44.67373705687842
            ],
            [
              1.6083501221886671,
              44.67376264981708
            ],
            [
              1.6083440251721999,
              44.67378879507493
            ],
            [
              1.6083415489928554,
              44.67381524085949
            ],
            [
              1.608342717502672,
              44.673841732483645
            ],
            [
              1.6083475194533716,
              44.673868014818446
            ],
            [
              1.608355908604495,
              44.67389383475016
            ],
            [
              1.6083678041685316,
              44.673918943617906
            ],
            [
              1.6083830915887667,
              44.67394309960845
            ],
            [
              1.6084016236423726,
              44.67396607008497
            ],
            [
              1.6084232218581136,
              44.67398763382763
            ],
            [
              1.608447678235027,
              44.67400758316403
            ],
            [
              1.608474757245514,
              44.674025725969294
            ],
            [
              1.608504198103578,
              44.67404188751643
            ],
            [
              1.6085357172763477,
              44.67405591215911
            ],
            [
              1.608569011214708,
              44.67406766483067
            ],
            [
              1.608603759276724,
              44.67407703234498
            ],
            [
              1.6086396268157184,
              44.67408392448655
            ],
            [
              1.6086762684032574,
              44.674088274879324
            ],
            [
              1.608713331155976,
              44.67409004162603
            ],
            [
              1.608750458134229,
              44.67408920771169
            ],
            [
              1.608787291779808,
              44.674085781167484
            ],
            [
              1.6088234773596188,
              44.67407979499336
            ],
            [
              1.6088586663821514,
              44.674071306840304
            ],
            [
              1.6088925199538082,
              44.67406039845496
            ],
            [
              1.6089247120428012,
              44.67404717489249
            ],
            [
              1.6089549326191448,
              44.67403176350461
            ],
            [
              1.6089828906405115,
              44.674014312713176
            ],
            [
              1.6090083168551876,
              44.67399499058072
            ],
            [
              1.6090309663951488,
              44.67397398319178
            ],
            [
              1.60905062113426,
              44.673951492860816
            ],
            [
              1.6090670917888916,
              44.67392773618364
            ],
            [
              1.6090802197407423,
              44.673902941951596
            ],
            [
              1.6090898785643022,
              44.67387734894788
            ],
            [
              1.6090959752442493,
              44.673851203648034
            ],
            [
              1.6090984510710693,
              44.67382475784624
            ]
          ]
        ]
      },
      "properties": {
        "name": "Dolmen des peirres basses",
        "kind": "autre",
        "source": "OpenStreetMap (Overpass, overpass.kumi.systems), node/4471723465 (meme contributeur que les 2 autres dolmens ; aucun objet BD TOPO correspondant trouve — toponyme BD TOPO le plus proche : « Pierre Haute », a 455 m), extrait 2026-09-27",
        "description": "[A VERIFIER] Dolmen (megalithe) signale par une source OSM unique, non recoupee par l'IGN BD TOPO ni par la base Merimee. Existence a confirmer sur le terrain avant toute utilisation comme reference. Detection metal a visee historique ou archeologique soumise partout a autorisation prealable, quel que soit le lieu (art. L542-1 code du patrimoine)."
      },
      "id": "archeo-osm-02"
    },
    {
      "type": "Feature",
      "geometry": {
        "type": "Polygon",
        "coordinates": [
          [
            [
              1.6200084363388696,
              44.67149472053129
            ],
            [
              1.6200072623929458,
              44.67146822905396
            ],
            [
              1.6200024552081436,
              44.671441947249114
            ],
            [
              1.6199940610852301,
              44.67141612822438
            ],
            [
              1.6199821608687948,
              44.67139102063026
            ],
            [
              1.6199668691684979,
              44.67136686626551
            ],
            [
              1.6199483332551579,
              44.671343897748415
            ],
            [
              1.6199267316423254,
              44.67132233627679
            ],
            [
              1.619902272366994,
              44.671302389497605
            ],
            [
              1.619875190986037,
              44.6712842495074
            ],
            [
              1.6198457483076343,
              44.67126809100233
            ],
            [
              1.6198142278795604,
              44.67125406959582
            ],
            [
              1.619780933258511,
              44.67124232032002
            ],
            [
              1.61974618508678,
              44.671232956325404
            ],
            [
              1.6197103180044166,
              44.6712260677911
            ],
            [
              1.6196736774265967,
              44.67122172105655
            ],
            [
              1.6196366162172722,
              44.67121995798255
            ],
            [
              1.6195994912910714,
              44.67122079554824
            ],
            [
              1.6195626601762176,
              44.67122422568752
            ],
            [
              1.6195264775715321,
              44.67123021536676
            ],
            [
              1.6194912919306768,
              44.67123870690287
            ],
            [
              1.6194574421065397,
              44.67124961851886
            ],
            [
              1.6194252540880465,
              44.671262845131324
            ],
            [
              1.6193950378608395,
              44.67127825936234
            ],
            [
              1.6193670844220467,
              44.67129571276621
            ],
            [
              1.6193416629778865,
              44.671315037258964
            ],
            [
              1.6193190183510868,
              44.671336046737046
            ],
            [
              1.6192993686230943,
              44.67135853886949
            ],
            [
              1.619282903033787,
              44.67138229704647
            ],
            [
              1.6192697801588998,
              44.671407092465174
            ],
            [
              1.6192601263827349,
              44.67143268633344
            ],
            [
              1.619254034680863,
              44.67145883216924
            ],
            [
              1.6192515637245477,
              44.67148527817453
            ],
            [
              1.6192527373155263,
              44.67151176966003
            ],
            [
              1.6192575441565866,
              44.671538051498146
            ],
            [
              1.6192659379601713,
              44.67156387057994
            ],
            [
              1.6192778378939623,
              44.6715889782527
            ],
            [
              1.619293129359161,
              44.67161313271471
            ],
            [
              1.6193116650939845,
              44.67163610134385
            ],
            [
              1.6193332665917421,
              44.67165766293808
            ],
            [
              1.6193577258198617,
              44.67167760984574
            ],
            [
              1.6193848072232861,
              44.67169574996526
            ],
            [
              1.6194142499929696,
              44.671711908595576
            ],
            [
              1.6194457705776322,
              44.67172593011842
            ],
            [
              1.6194790654145588,
              44.6717376794972
            ],
            [
              1.6195138138531602,
              44.67174704357747
            ],
            [
              1.6195496812431323,
              44.671753932176834
            ],
            [
              1.6195863221574758,
              44.67175827895331
            ],
            [
              1.6196233837193088,
              44.671760042044504
            ],
            [
              1.619660509000455,
              44.67175920447061
            ],
            [
              1.6196973404590511,
              44.671755774298084
            ],
            [
              1.6197335233830654,
              44.6717497845618
            ],
            [
              1.6197687093065647,
              44.67174129294704
            ],
            [
              1.6198025593657999,
              44.6717303812338
            ],
            [
              1.6198347475628097,
              44.67171715450927
            ],
            [
              1.619864963905092,
              44.67170174015563
            ],
            [
              1.6198929173910959,
              44.67168428662333
            ],
            [
              1.6199183388127893,
              44.67166496200124
            ],
            [
              1.6199409833483074,
              44.67164395239793
            ],
            [
              1.6199606329197116,
              44.67162146014913
            ],
            [
              1.6199770982931418,
              44.67159770186918
            ],
            [
              1.6199902209011583,
              44.67157290636483
            ],
            [
              1.6199998743697153,
              44.671547312431514
            ],
            [
              1.6200059657350625,
              44.671521166553774
            ],
            [
              1.6200084363388696,
              44.67149472053129
            ]
          ]
        ]
      },
      "properties": {
        "name": "Dolmen de Cambajou",
        "kind": "autre",
        "source": "OpenStreetMap (Overpass, overpass.kumi.systems), node/4471726050 ; confirme par IGN BD TOPO (zone_d_activite_ou_d_interet, toponyme « Dolmen de Cambajou », nature Megalithe — orthographe IGN, pas « cambejou »), extrait 2026-09-27",
        "description": "[FAIT] Dolmen (megalithe), confirme par deux sources independantes convergentes a 29 m pres (OSM et BD TOPO IGN). Nom corrige en « Cambajou » (orthographe IGN officielle). Non protege MH (absent de la base Merimee au 2026-09) ; pas de ZPPA connue sur la commune de Montfaucon pour ce site (PAC 2015 PLUi Causse de Labastide-Murat, seules ZPPA listees : Blars et Cras/Murcens). Detection metal a visee historique ou archeologique soumise partout a autorisation prealable, quel que soit le lieu (art. L542-1 code du patrimoine)."
      },
      "id": "archeo-osm-03"
    },
    {
      "type": "Feature",
      "geometry": {
        "type": "Polygon",
        "coordinates": [
          [
            [
              1.5621597056631071,
              44.547935681165384
            ],
            [
              1.56215492266183,
              44.54770006740656
            ],
            [
              1.5621286009537918,
              44.54746518183533
            ],
            [
              1.5620808535185642,
              44.54723203025206
            ],
            [
              1.5620118850760945,
              44.5470016110194
            ],
            [
              1.5619219912056428,
              44.546774910787484
            ],
            [
              1.5618115570758668,
              44.54655290026977
            ],
            [
              1.5616810557915415,
              44.54633653008718
            ],
            [
              1.5615310463640846,
              44.546126726698304
            ],
            [
              1.5613621713146175,
              44.5459243884336
            ],
            [
              1.5611751539198926,
              44.54573038164981
            ],
            [
              1.5609707951129288,
              44.54554553702162
            ],
            [
              1.5607499700516498,
              44.54537064598621
            ],
            [
              1.5605136243702662,
              44.545206457355796
            ],
            [
              1.560262770129455,
              44.545053674112765
            ],
            [
              1.5599984814826884,
              44.54491295040109
            ],
            [
              1.5597218900772896,
              44.544784888726916
            ],
            [
              1.5594341802098572,
              44.54467003738001
            ],
            [
              1.5591365837568183,
              44.54456888808761
            ],
            [
              1.5588303749017622,
              44.54448187391006
            ],
            [
              1.558516864682097,
              44.544409367387786
            ],
            [
              1.5581973953783441,
              44.54435167894712
            ],
            [
              1.5578733347700209,
              44.54430905557206
            ],
            [
              1.5575460702826531,
              44.54428167974733
            ],
            [
              1.55721700305091,
              44.54426966867768
            ],
            [
              1.556887541923223,
              44.54427307378633
            ],
            [
              1.5565590974334578,
              44.5442918804949
            ],
            [
              1.5562330757653953,
              44.54432600828591
            ],
            [
              1.5559108727357944,
              44.544375311047126
            ],
            [
              1.5555938678217018,
              44.54443957769689
            ],
            [
              1.5552834182575226,
              44.54451853308733
            ],
            [
              1.554980853227055,
              44.544611839181506
            ],
            [
              1.5546874681753036,
              44.5447190965001
            ],
            [
              1.5544045192643394,
              44.54483984583073
            ],
            [
              1.5541332179969236,
              44.54497357019296
            ],
            [
              1.5538747260308583,
              44.545119697050644
            ],
            [
              1.5536301502062244,
              44.545277600762056
            ],
            [
              1.553400537806792,
              44.54544660525735
            ],
            [
              1.5531868720758604,
              44.5456259869318
            ],
            [
              1.5529900680057234,
              44.54581497774289
            ],
            [
              1.5528109684188045,
              44.5460127684974
            ],
            [
              1.5526503403572374,
              44.54621851231488
            ],
            [
              1.5525088717963953,
              44.54643132825262
            ],
            [
              1.5523871686964528,
              44.54665030507656
            ],
            [
              1.552285752404662,
              44.54687450516198
            ],
            [
              1.5522050574195176,
              44.54710296850742
            ],
            [
              1.5521454295264225,
              44.54733471684456
            ],
            [
              1.5521071243129354,
              44.54756875782653
            ],
            [
              1.552090306069994,
              44.54780408927669
            ],
            [
              1.5520950470839123,
              44.54803970347967
            ],
            [
              1.5521213273222512,
              44.54827459149644
            ],
            [
              1.5521690345149957,
              44.548507747484784
            ],
            [
              1.5522379646307594,
              44.54873817300671
            ],
            [
              1.5523278227460622,
              44.54896488130442
            ],
            [
              1.5524382243040276,
              44.54918690152647
            ],
            [
              1.5525686967571932,
              44.549403282885926
            ],
            [
              1.5527186815874494,
              44.549613098732905
            ],
            [
              1.5528875366945405,
              44.549815450523845
            ],
            [
              1.5530745391429335,
              44.55000947167055
            ],
            [
              1.5532788882553465,
              44.550194331252534
            ],
            [
              1.5534997090397302,
              44.55036923757679
            ],
            [
              1.5537360559350544,
              44.5505334415695
            ],
            [
              1.5539869168598712,
              44.550686239985446
            ],
            [
              1.5542512175463425,
              44.550826978421
            ],
            [
              1.5545278261411428,
              44.55095505411813
            ],
            [
              1.5548155580535576,
              44.551069918547114
            ],
            [
              1.5551131810299654,
              44.55117107975684
            ],
            [
              1.5554194204329528,
              44.55125810448313
            ],
            [
              1.55573296470243,
              44.55133062000501
            ],
            [
              1.5560524709752723,
              44.551388315742166
            ],
            [
              1.556376570839412,
              44.551430944585796
            ],
            [
              1.556703876197645,
              44.551458323957554
            ],
            [
              1.5570329852159897,
              44.551470336592025
            ],
            [
              1.5573624883310357,
              44.55146693103923
            ],
            [
              1.5576909742905014,
              44.55144812188511
            ],
            [
              1.5580170362010466,
              44.55141398968903
            ],
            [
              1.5583392775573537,
              44.551364680638564
            ],
            [
              1.5586563182265951,
              44.55130040592299
            ],
            [
              1.5589668003625852,
              44.551221440828215
            ],
            [
              1.5592693942242126,
              44.55112812355719
            ],
            [
              1.5595628038731646,
              44.55102085378046
            ],
            [
              1.5598457727265045,
              44.55090009092361
            ],
            [
              1.5601170889402518,
              44.550766352198494
            ],
            [
              1.5603755906008678,
              44.550620210387
            ],
            [
              1.5606201707023963,
              44.55046229138674
            ],
            [
              1.5608497818878877,
              44.55029327152915
            ],
            [
              1.5610634409348134,
              44.55011387468179
            ],
            [
              1.5612602329652459,
              44.54992486914678
            ],
            [
              1.5614393153627628,
              44.54972706436933
            ],
            [
              1.561599921379347,
              44.5495213074698
            ],
            [
              1.5617413634168211,
              44.54930847961471
            ],
            [
              1.561863035968832,
              44.54908949224203
            ],
            [
              1.5619644182108106,
              44.548865283157
            ],
            [
              1.5620450762268658,
              44.54863681251508
            ],
            [
              1.562104664864145,
              44.548405058709385
            ],
            [
              1.562142929206767,
              44.54817101418037
            ],
            [
              1.5621597056631071,
              44.547935681165384
            ]
          ]
        ]
      },
      "properties": {
        "name": "Oppidum de Murcens",
        "kind": "autre",
        "source": "OpenStreetMap node/8392869066 (1.55740,44.55018) + IGN BD TOPO zone_d_activite_ou_d_interet toponyme « Oppidum de Murcens » (1.55685,44.54556, commune Cras) — les deux sources divergent de 516 m ; polygone provisoire de rayon 400 m centre sur leur point median (1.55713,44.54787). ZPPA confirmee : PAC 2015 PLUi Causse de Labastide-Murat p.26, https://www.lot.gouv.fr/contenu/telechargement/6505/70567/file/PLUI_CC_Labastide_Murat_PaC.pdf (« Commune de Cras : Oppidum de Murcens, arrete du 1 juin 2009 »), extrait 2026-09-27",
        "description": "[FAIT] Oppidum (site archeologique protohistorique), existence et ZPPA (Zone de Presomption de Prescription Archeologique, arrete du 1er juin 2009) confirmees par le porter-a-connaissance PLUi 2015. [HYPOTHESE] Etendue et position exacte : l'oppidum est une enceinte etendue qu'un point ne peut representer ; les deux sources disponibles (OSM, BD TOPO) different de 516 m — polygone de 400 m de rayon trace a titre provisoire sur leur point median, a affiner par releve terrain ou LiDAR. ZPPA : les projets d'amenagement affectant le sous-sol y sont soumis a prescription archeologique prealable (art. L522-5, R523-1 a R523-8 code du patrimoine) ; ceci s'ajoute a, et ne remplace pas, l'autorisation L542-1 pour la detection. Detection metal a visee historique ou archeologique soumise partout a autorisation prealable, quel que soit le lieu (art. L542-1 code du patrimoine)."
      },
      "id": "archeo-osm-04"
    },
    {
      "type": "Feature",
      "geometry": {
        "type": "MultiPolygon",
        "coordinates": [
          [
            [
              [
                1.57008,
                44.54304
              ],
              [
                1.56958,
                44.54308
              ],
              [
                1.5693,
                44.54318
              ],
              [
                1.56746,
                44.54259
              ],
              [
                1.5693,
                44.5432
              ],
              [
                1.57008,
                44.54306
              ],
              [
                1.57109,
                44.54342
              ],
              [
                1.57025,
                44.54431
              ],
              [
                1.57027,
                44.54443
              ],
              [
                1.57045,
                44.54469
              ],
              [
                1.57012,
                44.54489
              ],
              [
                1.5701,
                44.545
              ],
              [
                1.57018,
                44.54513
              ],
              [
                1.57048,
                44.54469
              ],
              [
                1.57029,
                44.54429
              ],
              [
                1.57119,
                44.54354
              ],
              [
                1.57115,
                44.54346
              ],
              [
                1.57104,
                44.54337
              ],
              [
                1.57008,
                44.54304
              ]
            ]
          ],
          [
            [
              [
                1.5634768948655162,
                44.54051491442543
              ],
              [
                1.56341,
                44.54052
              ],
              [
                1.56293,
                44.53963
              ],
              [
                1.56301,
                44.53945
              ],
              [
                1.5636,
                44.53906
              ],
              [
                1.56358,
                44.539
              ],
              [
                1.56312,
                44.53867
              ],
              [
                1.56234,
                44.53844
              ],
              [
                1.56227,
                44.53824
              ],
              [
                1.56213,
                44.53814
              ],
              [
                1.56192,
                44.53806
              ],
              [
                1.56189,
                44.53784
              ],
              [
                1.56176,
                44.53766
              ],
              [
                1.56155,
                44.53746
              ],
              [
                1.56121,
                44.53731
              ],
              [
                1.56078,
                44.53718
              ],
              [
                1.56003,
                44.53666
              ],
              [
                1.55973,
                44.53659
              ],
              [
                1.56077,
                44.5372
              ],
              [
                1.56154,
                44.53747
              ],
              [
                1.56189,
                44.53807
              ],
              [
                1.56233,
                44.53845
              ],
              [
                1.56356,
                44.53901
              ],
              [
                1.56299,
                44.53944
              ],
              [
                1.5629,
                44.53963
              ],
              [
                1.56295,
                44.53994
              ],
              [
                1.56335,
                44.54049
              ],
              [
                1.56341,
                44.54054
              ],
              [
                1.5634768948655162,
                44.54051491442543
              ]
            ]
          ],
          [
            [
              [
                1.563556825672215,
                44.54050883781439
              ],
              [
                1.56464,
                44.54049
              ],
              [
                1.56512,
                44.54039
              ],
              [
                1.563556825672215,
                44.54050883781439
              ]
            ]
          ]
        ]
      },
      "properties": {
        "name": "Falaises lotoises (Rapaces)",
        "kind": "autre",
        "source": "Arrete prefectoral n°E-2018-12 du 23/01/2018, prefecture du Lot — lu integralement (6 pages), extrait 2026-09-27",
        "description": "[FAIT] Arrete prefectoral de protection de biotope (APPB) n°E-2018-12 du 23/01/2018 (Faucon pelerin, Hibou grand-duc), 37 zones sur 34 communes du Lot. Lu directement (art. 1 a 4) : du 1er janvier au 15 juin inclus, sont interdits la frequentation des parois rocheuses protegees et de leurs abords a moins de 30 m (pied et sommet), le survol a moins de 100 m (drones et aeromodeles compris) et les evolutions aeriennes (funambulisme, slackline, tyrolienne...) a moins de 100 m ; en tout temps sont interdits l'installation de tout nouvel equipement fixe d'acces (via ferrata, tyrolienne), l'amenagement de nouveaux belvederes, la creation de nouvelles aires d'envol a moins de 100 m, et l'eclairage des parois. Aucune interdiction specifique de creuser/fouiller n'est prevue par l'arrete, mais toute presence humaine est interdite sur le site pendant la periode de reproduction (1er janvier-15 juin). Detection metal a visee historique ou archeologique soumise partout a autorisation prealable, quel que soit le lieu (art. L542-1 code du patrimoine). La portion dans l'emprise (0,27 ha, commune de Cabrerets) correspond probablement au site n°27 « Falaise amont Sibadal » ou n°28 « Falaise amont Guillot » de l'annexe 1 de l'arrete [A VERIFIER, annexe non consultee].",
        "ref": "FR3801009"
      },
      "id": "apb-01"
    },
    {
      "type": "Feature",
      "geometry": {
        "type": "Polygon",
        "coordinates": [
          [
            [
              1.64011,
              44.66
            ],
            [
              1.63642,
              44.66112
            ],
            [
              1.63584,
              44.6603
            ],
            [
              1.63244,
              44.66143
            ],
            [
              1.6333,
              44.66288
            ],
            [
              1.63106,
              44.66471
            ],
            [
              1.63353,
              44.66592
            ],
            [
              1.63094,
              44.66616
            ],
            [
              1.63149,
              44.6667
            ],
            [
              1.63103,
              44.66777
            ],
            [
              1.62989,
              44.66852
            ],
            [
              1.62043,
              44.6631
            ],
            [
              1.61848,
              44.66611
            ],
            [
              1.61358,
              44.66433
            ],
            [
              1.61233,
              44.66616
            ],
            [
              1.61367,
              44.66724
            ],
            [
              1.61319,
              44.66781
            ],
            [
              1.61141,
              44.66772
            ],
            [
              1.61012,
              44.67004
            ],
            [
              1.60748,
              44.6708
            ],
            [
              1.60761,
              44.6716
            ],
            [
              1.60477,
              44.67211
            ],
            [
              1.60084,
              44.67154
            ],
            [
              1.6006,
              44.67753
            ],
            [
              1.59899,
              44.6794
            ],
            [
              1.60056,
              44.68409
            ],
            [
              1.59907,
              44.68705
            ],
            [
              1.60195,
              44.68857
            ],
            [
              1.60337,
              44.69074
            ],
            [
              1.60407,
              44.69046
            ],
            [
              1.60425,
              44.69129
            ],
            [
              1.60794,
              44.69182
            ],
            [
              1.62336,
              44.69904
            ],
            [
              1.62731,
              44.69593
            ],
            [
              1.62486,
              44.69378
            ],
            [
              1.63421,
              44.69
            ],
            [
              1.6359,
              44.69219
            ],
            [
              1.63712,
              44.69107
            ],
            [
              1.63524,
              44.68952
            ],
            [
              1.63398,
              44.68715
            ],
            [
              1.63577,
              44.68474
            ],
            [
              1.6405,
              44.68881
            ],
            [
              1.64011,
              44.66
            ]
          ]
        ]
      },
      "properties": {
        "name": "Zone centrale du causse de Gramat",
        "kind": "autre",
        "source": "data.geopf.fr WFS (couche patrinat_sic, source INPN), extrait 2026-09-27",
        "description": "[FAIT] Site Natura 2000 (Zone Speciale de Conservation, directive Habitats), code FR7300909 — Zone centrale du causse de Gramat. Designe SIC le 01/12/2009, ZSC le 01/11/2011. Gestionnaire : DDT du Lot (fiche descriptive FSD officielle — different de l'attribut 'DREAL Occitanie' releve sur la couche WFS patrinat_sic, ecart [A VERIFIER]). Habitats d'interet (FSD) : ensemble de pelouses seches pâturees (groupements des Brometalia riches en orchidees, dont Orchis provincialis et Orchis coriophora ssp fragrans), pelouses de l'Alysso-Sedion, groupements du Thero-Brachypodion. Natura 2000 n'interdit pas la detection de loisir en tant que telle mais impose une evaluation des incidences pour certains projets/amenagements et signale un habitat naturel sensible — prudence recommandee, eviter le creusage hors sentiers dans les pelouses les plus sensibles. Ne touche pas l'emprise d'etude 7x7km. Source FSD : n2kbackbone.eea.europa.eu, siteCode FR7300909, releaseId 62, extrait 2026-09-27.",
        "ref": "FR7300909"
      },
      "id": "natura2000-01"
    },
    {
      "type": "Feature",
      "geometry": {
        "type": "Polygon",
        "coordinates": [
          [
            [
              1.54099,
              44.5236
            ],
            [
              1.54077,
              44.52625
            ],
            [
              1.5431,
              44.52674
            ],
            [
              1.54379,
              44.52752
            ],
            [
              1.54201,
              44.52806
            ],
            [
              1.54188,
              44.52911
            ],
            [
              1.54345,
              44.5317
            ],
            [
              1.54762,
              44.53213
            ],
            [
              1.5471,
              44.534
            ],
            [
              1.55044,
              44.53442
            ],
            [
              1.55053,
              44.53343
            ],
            [
              1.55133,
              44.53306
            ],
            [
              1.55184,
              44.53446
            ],
            [
              1.5542,
              44.53445
            ],
            [
              1.5528,
              44.53551
            ],
            [
              1.55109,
              44.53554
            ],
            [
              1.55128,
              44.53689
            ],
            [
              1.54961,
              44.53741
            ],
            [
              1.54961,
              44.53857
            ],
            [
              1.5487,
              44.53863
            ],
            [
              1.54813,
              44.53622
            ],
            [
              1.54604,
              44.53622
            ],
            [
              1.54514,
              44.53508
            ],
            [
              1.54427,
              44.53536
            ],
            [
              1.54441,
              44.53417
            ],
            [
              1.54292,
              44.53352
            ],
            [
              1.54234,
              44.53417
            ],
            [
              1.54106,
              44.53366
            ],
            [
              1.54006,
              44.5345
            ],
            [
              1.54009,
              44.53668
            ],
            [
              1.53967,
              44.53661
            ],
            [
              1.54026,
              44.53736
            ],
            [
              1.5389,
              44.53752
            ],
            [
              1.5393,
              44.53871
            ],
            [
              1.5378,
              44.53852
            ],
            [
              1.53678,
              44.53709
            ],
            [
              1.53726,
              44.53615
            ],
            [
              1.53519,
              44.53351
            ],
            [
              1.53563,
              44.53533
            ],
            [
              1.53506,
              44.53698
            ],
            [
              1.53185,
              44.53634
            ],
            [
              1.53174,
              44.53696
            ],
            [
              1.52906,
              44.53656
            ],
            [
              1.52704,
              44.53763
            ],
            [
              1.52548,
              44.53755
            ],
            [
              1.52452,
              44.5369
            ],
            [
              1.52355,
              44.53733
            ],
            [
              1.52293,
              44.53618
            ],
            [
              1.52211,
              44.53621
            ],
            [
              1.52035,
              44.53774
            ],
            [
              1.51895,
              44.53731
            ],
            [
              1.51812,
              44.53903
            ],
            [
              1.51642,
              44.53871
            ],
            [
              1.51655,
              44.53993
            ],
            [
              1.51141,
              44.54193
            ],
            [
              1.51157,
              44.54372
            ],
            [
              1.50974,
              44.54401
            ],
            [
              1.51036,
              44.54545
            ],
            [
              1.5101,
              44.54641
            ],
            [
              1.50384,
              44.54409
            ],
            [
              1.5023,
              44.54408
            ],
            [
              1.50072,
              44.54308
            ],
            [
              1.49973,
              44.5435
            ],
            [
              1.50125,
              44.54522
            ],
            [
              1.50125,
              44.54602
            ],
            [
              1.50195,
              44.54607
            ],
            [
              1.50051,
              44.54753
            ],
            [
              1.50163,
              44.5479
            ],
            [
              1.50073,
              44.54796
            ],
            [
              1.50113,
              44.54827
            ],
            [
              1.49983,
              44.54923
            ],
            [
              1.49927,
              44.54892
            ],
            [
              1.49886,
              44.54922
            ],
            [
              1.49922,
              44.54908
            ],
            [
              1.49947,
              44.54948
            ],
            [
              1.49725,
              44.55008
            ],
            [
              1.49583,
              44.54959
            ],
            [
              1.49275,
              44.55006
            ],
            [
              1.49312,
              44.55195
            ],
            [
              1.48827,
              44.55098
            ],
            [
              1.48761,
              44.55201
            ],
            [
              1.48608,
              44.55125
            ],
            [
              1.48542,
              44.55215
            ],
            [
              1.48481,
              44.55171
            ],
            [
              1.48256,
              44.55274
            ],
            [
              1.48145,
              44.55189
            ],
            [
              1.47777,
              44.55284
            ],
            [
              1.47688,
              44.55383
            ],
            [
              1.47703,
              44.55466
            ],
            [
              1.48231,
              44.55629
            ],
            [
              1.4808,
              44.55687
            ],
            [
              1.48123,
              44.55702
            ],
            [
              1.47997,
              44.55866
            ],
            [
              1.48064,
              44.5586
            ],
            [
              1.47995,
              44.55929
            ],
            [
              1.4807,
              44.55972
            ],
            [
              1.47921,
              44.56043
            ],
            [
              1.47978,
              44.56093
            ],
            [
              1.47873,
              44.56227
            ],
            [
              1.47942,
              44.56326
            ],
            [
              1.48081,
              44.56303
            ],
            [
              1.48247,
              44.56172
            ],
            [
              1.48399,
              44.56257
            ],
            [
              1.48349,
              44.56389
            ],
            [
              1.48498,
              44.56451
            ],
            [
              1.48279,
              44.56746
            ],
            [
              1.48332,
              44.56794
            ],
            [
              1.48217,
              44.5681
            ],
            [
              1.48303,
              44.56923
            ],
            [
              1.481,
              44.571
            ],
            [
              1.4813,
              44.57148
            ],
            [
              1.48342,
              44.57076
            ],
            [
              1.48569,
              44.57114
            ],
            [
              1.48613,
              44.57226
            ],
            [
              1.4843,
              44.57239
            ],
            [
              1.48457,
              44.57337
            ],
            [
              1.48354,
              44.57495
            ],
            [
              1.48176,
              44.57533
            ],
            [
              1.48169,
              44.57597
            ],
            [
              1.48138,
              44.5754
            ],
            [
              1.48079,
              44.57577
            ],
            [
              1.48264,
              44.57695
            ],
            [
              1.48144,
              44.57916
            ],
            [
              1.48239,
              44.57934
            ],
            [
              1.48404,
              44.57833
            ],
            [
              1.48332,
              44.57759
            ],
            [
              1.48463,
              44.57644
            ],
            [
              1.48557,
              44.57654
            ],
            [
              1.48449,
              44.57768
            ],
            [
              1.48469,
              44.57781
            ],
            [
              1.48542,
              44.57723
            ],
            [
              1.4864,
              44.57791
            ],
            [
              1.48632,
              44.5774
            ],
            [
              1.4891,
              44.57691
            ],
            [
              1.48836,
              44.57627
            ],
            [
              1.48896,
              44.57518
            ],
            [
              1.48802,
              44.57473
            ],
            [
              1.48969,
              44.57378
            ],
            [
              1.48862,
              44.56965
            ],
            [
              1.48989,
              44.56937
            ],
            [
              1.4915,
              44.57087
            ],
            [
              1.49244,
              44.57072
            ],
            [
              1.49228,
              44.57024
            ],
            [
              1.49372,
              44.57179
            ],
            [
              1.49301,
              44.5693
            ],
            [
              1.49214,
              44.56887
            ],
            [
              1.49247,
              44.56826
            ],
            [
              1.49478,
              44.56766
            ],
            [
              1.49729,
              44.56847
            ],
            [
              1.49819,
              44.5695
            ],
            [
              1.49751,
              44.56964
            ],
            [
              1.49881,
              44.57015
            ],
            [
              1.49943,
              44.57311
            ],
            [
              1.50075,
              44.57304
            ],
            [
              1.50008,
              44.57384
            ],
            [
              1.50051,
              44.57487
            ],
            [
              1.50257,
              44.57654
            ],
            [
              1.50072,
              44.57845
            ],
            [
              1.50494,
              44.57872
            ],
            [
              1.50599,
              44.58118
            ],
            [
              1.50443,
              44.58229
            ],
            [
              1.5079,
              44.58289
            ],
            [
              1.50942,
              44.58131
            ],
            [
              1.5104,
              44.5813
            ],
            [
              1.51071,
              44.58018
            ],
            [
              1.51212,
              44.58019
            ],
            [
              1.51151,
              44.57946
            ],
            [
              1.51215,
              44.57806
            ],
            [
              1.51146,
              44.57592
            ],
            [
              1.50619,
              44.57052
            ],
            [
              1.50511,
              44.56793
            ],
            [
              1.50021,
              44.56252
            ],
            [
              1.49698,
              44.56373
            ],
            [
              1.49656,
              44.5634
            ],
            [
              1.49661,
              44.56256
            ],
            [
              1.49799,
              44.56167
            ],
            [
              1.49701,
              44.561
            ],
            [
              1.49793,
              44.56038
            ],
            [
              1.49749,
              44.56049
            ],
            [
              1.4974,
              44.55952
            ],
            [
              1.49569,
              44.55922
            ],
            [
              1.49507,
              44.5577
            ],
            [
              1.49614,
              44.55779
            ],
            [
              1.49652,
              44.55679
            ],
            [
              1.49983,
              44.55751
            ],
            [
              1.49973,
              44.5567
            ],
            [
              1.50042,
              44.5568
            ],
            [
              1.50024,
              44.55861
            ],
            [
              1.50384,
              44.55881
            ],
            [
              1.50287,
              44.5603
            ],
            [
              1.5034,
              44.56089
            ],
            [
              1.50232,
              44.56124
            ],
            [
              1.50252,
              44.56178
            ],
            [
              1.50357,
              44.56183
            ],
            [
              1.50278,
              44.56264
            ],
            [
              1.5053,
              44.56308
            ],
            [
              1.50506,
              44.56357
            ],
            [
              1.50695,
              44.56459
            ],
            [
              1.50681,
              44.56506
            ],
            [
              1.50981,
              44.56653
            ],
            [
              1.51083,
              44.56548
            ],
            [
              1.51118,
              44.56331
            ],
            [
              1.51038,
              44.56236
            ],
            [
              1.50884,
              44.56315
            ],
            [
              1.50866,
              44.56197
            ],
            [
              1.50765,
              44.5614
            ],
            [
              1.5075,
              44.55984
            ],
            [
              1.5086,
              44.56042
            ],
            [
              1.50872,
              44.56045
            ],
            [
              1.50785,
              44.55964
            ],
            [
              1.50926,
              44.55907
            ],
            [
              1.50889,
              44.55764
            ],
            [
              1.50983,
              44.5574
            ],
            [
              1.51011,
              44.55658
            ],
            [
              1.51125,
              44.55675
            ],
            [
              1.51121,
              44.55589
            ],
            [
              1.51262,
              44.55498
            ],
            [
              1.51233,
              44.55455
            ],
            [
              1.51587,
              44.55365
            ],
            [
              1.51676,
              44.55156
            ],
            [
              1.51654,
              44.55026
            ],
            [
              1.51747,
              44.55004
            ],
            [
              1.51912,
              44.55265
            ],
            [
              1.51847,
              44.55359
            ],
            [
              1.51864,
              44.55754
            ],
            [
              1.51932,
              44.55787
            ],
            [
              1.51948,
              44.55927
            ],
            [
              1.52063,
              44.55977
            ],
            [
              1.51997,
              44.56124
            ],
            [
              1.52103,
              44.56144
            ],
            [
              1.52154,
              44.56232
            ],
            [
              1.51935,
              44.56526
            ],
            [
              1.52015,
              44.56595
            ],
            [
              1.51644,
              44.56818
            ],
            [
              1.51693,
              44.56885
            ],
            [
              1.51631,
              44.5703
            ],
            [
              1.51747,
              44.57088
            ],
            [
              1.52018,
              44.57017
            ],
            [
              1.52114,
              44.5706
            ],
            [
              1.51917,
              44.57164
            ],
            [
              1.51897,
              44.57297
            ],
            [
              1.51464,
              44.57397
            ],
            [
              1.51337,
              44.57533
            ],
            [
              1.51558,
              44.58051
            ],
            [
              1.51704,
              44.58231
            ],
            [
              1.51632,
              44.58381
            ],
            [
              1.51607,
              44.58824
            ],
            [
              1.51915,
              44.58928
            ],
            [
              1.52028,
              44.58909
            ],
            [
              1.52096,
              44.58877
            ],
            [
              1.52039,
              44.58572
            ],
            [
              1.52134,
              44.58557
            ],
            [
              1.52128,
              44.58419
            ],
            [
              1.52251,
              44.58361
            ],
            [
              1.52268,
              44.58244
            ],
            [
              1.52064,
              44.58182
            ],
            [
              1.52064,
              44.5801
            ],
            [
              1.52541,
              44.57995
            ],
            [
              1.52459,
              44.58267
            ],
            [
              1.52509,
              44.58322
            ],
            [
              1.52661,
              44.58263
            ],
            [
              1.52949,
              44.58357
            ],
            [
              1.53089,
              44.58085
            ],
            [
              1.53336,
              44.57808
            ],
            [
              1.53248,
              44.57734
            ],
            [
              1.5317,
              44.57749
            ],
            [
              1.53187,
              44.57672
            ],
            [
              1.53045,
              44.57696
            ],
            [
              1.52952,
              44.57628
            ],
            [
              1.53017,
              44.57557
            ],
            [
              1.5296,
              44.57556
            ],
            [
              1.52968,
              44.57469
            ],
            [
              1.52521,
              44.57376
            ],
            [
              1.52464,
              44.57307
            ],
            [
              1.52622,
              44.57111
            ],
            [
              1.52881,
              44.56991
            ],
            [
              1.52717,
              44.5693
            ],
            [
              1.52683,
              44.5684
            ],
            [
              1.53025,
              44.56638
            ],
            [
              1.52977,
              44.56612
            ],
            [
              1.53019,
              44.5659
            ],
            [
              1.52726,
              44.56535
            ],
            [
              1.52888,
              44.56412
            ],
            [
              1.52926,
              44.56298
            ],
            [
              1.52719,
              44.56191
            ],
            [
              1.5281,
              44.56079
            ],
            [
              1.52671,
              44.56017
            ],
            [
              1.5269,
              44.55836
            ],
            [
              1.52823,
              44.55803
            ],
            [
              1.52465,
              44.55709
            ],
            [
              1.52461,
              44.55535
            ],
            [
              1.5274,
              44.55487
            ],
            [
              1.52757,
              44.55552
            ],
            [
              1.52722,
              44.55257
            ],
            [
              1.52595,
              44.55229
            ],
            [
              1.52648,
              44.55129
            ],
            [
              1.52797,
              44.5513
            ],
            [
              1.52918,
              44.54944
            ],
            [
              1.53139,
              44.55095
            ],
            [
              1.53338,
              44.55055
            ],
            [
              1.53148,
              44.54945
            ],
            [
              1.53385,
              44.54915
            ],
            [
              1.53466,
              44.54978
            ],
            [
              1.53581,
              44.54841
            ],
            [
              1.53579,
              44.54739
            ],
            [
              1.54044,
              44.54758
            ],
            [
              1.54113,
              44.54621
            ],
            [
              1.54173,
              44.54676
            ],
            [
              1.54232,
              44.5462
            ],
            [
              1.54375,
              44.5468
            ],
            [
              1.54435,
              44.54612
            ],
            [
              1.54565,
              44.5466
            ],
            [
              1.54452,
              44.54769
            ],
            [
              1.54396,
              44.54743
            ],
            [
              1.54304,
              44.5492
            ],
            [
              1.5459,
              44.55053
            ],
            [
              1.54753,
              44.55036
            ],
            [
              1.54949,
              44.54614
            ],
            [
              1.55003,
              44.54687
            ],
            [
              1.5507,
              44.54635
            ],
            [
              1.54968,
              44.54486
            ],
            [
              1.55378,
              44.54552
            ],
            [
              1.55503,
              44.54244
            ],
            [
              1.55922,
              44.5441
            ],
            [
              1.55882,
              44.54586
            ],
            [
              1.56126,
              44.54835
            ],
            [
              1.5613,
              44.54908
            ],
            [
              1.55973,
              44.54859
            ],
            [
              1.55688,
              44.5503
            ],
            [
              1.55591,
              44.54952
            ],
            [
              1.55454,
              44.55055
            ],
            [
              1.55391,
              44.54988
            ],
            [
              1.55324,
              44.55053
            ],
            [
              1.55466,
              44.55168
            ],
            [
              1.55197,
              44.55204
            ],
            [
              1.5522,
              44.55248
            ],
            [
              1.55041,
              44.55479
            ],
            [
              1.54804,
              44.55388
            ],
            [
              1.54669,
              44.55595
            ],
            [
              1.54599,
              44.55576
            ],
            [
              1.54641,
              44.5578
            ],
            [
              1.54468,
              44.56121
            ],
            [
              1.54635,
              44.56157
            ],
            [
              1.54654,
              44.5622
            ],
            [
              1.54557,
              44.56287
            ],
            [
              1.54685,
              44.56326
            ],
            [
              1.5464,
              44.56369
            ],
            [
              1.54697,
              44.56593
            ],
            [
              1.54573,
              44.5661
            ],
            [
              1.54589,
              44.56823
            ],
            [
              1.54443,
              44.57073
            ],
            [
              1.54368,
              44.57094
            ],
            [
              1.54459,
              44.5722
            ],
            [
              1.54286,
              44.57245
            ],
            [
              1.5431,
              44.5733
            ],
            [
              1.54547,
              44.57331
            ],
            [
              1.54564,
              44.57422
            ],
            [
              1.54658,
              44.57257
            ],
            [
              1.54834,
              44.57345
            ],
            [
              1.54928,
              44.57237
            ],
            [
              1.55045,
              44.57215
            ],
            [
              1.55107,
              44.57288
            ],
            [
              1.55041,
              44.5736
            ],
            [
              1.55039,
              44.5753
            ],
            [
              1.55116,
              44.5754
            ],
            [
              1.55303,
              44.57803
            ],
            [
              1.55283,
              44.57885
            ],
            [
              1.5514,
              44.57967
            ],
            [
              1.55024,
              44.57911
            ],
            [
              1.54924,
              44.58038
            ],
            [
              1.54741,
              44.58047
            ],
            [
              1.54552,
              44.58162
            ],
            [
              1.54507,
              44.58279
            ],
            [
              1.54578,
              44.58257
            ],
            [
              1.54586,
              44.5833
            ],
            [
              1.54498,
              44.58336
            ],
            [
              1.54501,
              44.58373
            ],
            [
              1.5445,
              44.58377
            ],
            [
              1.54418,
              44.58332
            ],
            [
              1.5445,
              44.58447
            ],
            [
              1.54503,
              44.58496
            ],
            [
              1.54774,
              44.58391
            ],
            [
              1.54856,
              44.58449
            ],
            [
              1.54796,
              44.58379
            ],
            [
              1.55248,
              44.58325
            ],
            [
              1.5527,
              44.58277
            ],
            [
              1.55313,
              44.5833
            ],
            [
              1.55469,
              44.5821
            ],
            [
              1.55435,
              44.58431
            ],
            [
              1.55339,
              44.58451
            ],
            [
              1.55261,
              44.58388
            ],
            [
              1.55064,
              44.5859
            ],
            [
              1.55164,
              44.58807
            ],
            [
              1.54981,
              44.59115
            ],
            [
              1.54911,
              44.59132
            ],
            [
              1.54917,
              44.5927
            ],
            [
              1.54837,
              44.59252
            ],
            [
              1.54843,
              44.59137
            ],
            [
              1.54709,
              44.59109
            ],
            [
              1.54747,
              44.59058
            ],
            [
              1.54682,
              44.59012
            ],
            [
              1.54584,
              44.59083
            ],
            [
              1.54647,
              44.59105
            ],
            [
              1.54413,
              44.59258
            ],
            [
              1.53743,
              44.59177
            ],
            [
              1.5367,
              44.59074
            ],
            [
              1.53383,
              44.59023
            ],
            [
              1.53225,
              44.59028
            ],
            [
              1.53204,
              44.59197
            ],
            [
              1.53143,
              44.59165
            ],
            [
              1.5309,
              44.59216
            ],
            [
              1.5313,
              44.5924
            ],
            [
              1.52926,
              44.59162
            ],
            [
              1.52755,
              44.59314
            ],
            [
              1.52847,
              44.59376
            ],
            [
              1.52849,
              44.59489
            ],
            [
              1.53031,
              44.59545
            ],
            [
              1.5301,
              44.59623
            ],
            [
              1.52804,
              44.59715
            ],
            [
              1.5294,
              44.59877
            ],
            [
              1.52979,
              44.59808
            ],
            [
              1.53209,
              44.59814
            ],
            [
              1.53278,
              44.59717
            ],
            [
              1.53443,
              44.59724
            ],
            [
              1.53391,
              44.59807
            ],
            [
              1.53439,
              44.59831
            ],
            [
              1.53298,
              44.59924
            ],
            [
              1.5337,
              44.59986
            ],
            [
              1.53308,
              44.60079
            ],
            [
              1.53455,
              44.60067
            ],
            [
              1.53448,
              44.60191
            ],
            [
              1.53514,
              44.6025
            ],
            [
              1.54017,
              44.60281
            ],
            [
              1.54121,
              44.60131
            ],
            [
              1.543,
              44.60105
            ],
            [
              1.54349,
              44.59889
            ],
            [
              1.5458,
              44.59782
            ],
            [
              1.54844,
              44.59969
            ],
            [
              1.54921,
              44.59874
            ],
            [
              1.54997,
              44.59882
            ],
            [
              1.55079,
              44.60003
            ],
            [
              1.55019,
              44.59998
            ],
            [
              1.55001,
              44.60115
            ],
            [
              1.54819,
              44.60149
            ],
            [
              1.54923,
              44.6017
            ],
            [
              1.54923,
              44.60228
            ],
            [
              1.54705,
              44.60217
            ],
            [
              1.54813,
              44.60292
            ],
            [
              1.54918,
              44.60261
            ],
            [
              1.5489,
              44.6034
            ],
            [
              1.54724,
              44.604
            ],
            [
              1.54226,
              44.60352
            ],
            [
              1.5412,
              44.60557
            ],
            [
              1.54108,
              44.60739
            ],
            [
              1.5423,
              44.60846
            ],
            [
              1.54302,
              44.60815
            ],
            [
              1.54435,
              44.60887
            ],
            [
              1.54425,
              44.60958
            ],
            [
              1.54053,
              44.61146
            ],
            [
              1.53881,
              44.60984
            ],
            [
              1.53805,
              44.61068
            ],
            [
              1.53641,
              44.61056
            ],
            [
              1.5368,
              44.61027
            ],
            [
              1.53601,
              44.60979
            ],
            [
              1.53745,
              44.6084
            ],
            [
              1.53637,
              44.60856
            ],
            [
              1.53647,
              44.60749
            ],
            [
              1.53553,
              44.60706
            ],
            [
              1.53635,
              44.6061
            ],
            [
              1.53471,
              44.60431
            ],
            [
              1.53402,
              44.60445
            ],
            [
              1.5337,
              44.60391
            ],
            [
              1.53416,
              44.60378
            ],
            [
              1.53271,
              44.60246
            ],
            [
              1.53137,
              44.60303
            ],
            [
              1.53151,
              44.60463
            ],
            [
              1.52893,
              44.60359
            ],
            [
              1.52918,
              44.60532
            ],
            [
              1.53034,
              44.60568
            ],
            [
              1.53007,
              44.60608
            ],
            [
              1.53128,
              44.60745
            ],
            [
              1.53065,
              44.60795
            ],
            [
              1.5294,
              44.60766
            ],
            [
              1.52868,
              44.60658
            ],
            [
              1.52702,
              44.607
            ],
            [
              1.52685,
              44.60771
            ],
            [
              1.5244,
              44.60748
            ],
            [
              1.52365,
              44.60634
            ],
            [
              1.52563,
              44.60524
            ],
            [
              1.52326,
              44.60435
            ],
            [
              1.52165,
              44.60498
            ],
            [
              1.52124,
              44.60645
            ],
            [
              1.52069,
              44.60637
            ],
            [
              1.52012,
              44.60553
            ],
            [
              1.52084,
              44.60496
            ],
            [
              1.51999,
              44.60443
            ],
            [
              1.52074,
              44.6028
            ],
            [
              1.52017,
              44.60249
            ],
            [
              1.52072,
              44.59861
            ],
            [
              1.52015,
              44.59796
            ],
            [
              1.51979,
              44.59858
            ],
            [
              1.51828,
              44.5983
            ],
            [
              1.51745,
              44.5993
            ],
            [
              1.51825,
              44.59993
            ],
            [
              1.51839,
              44.60145
            ],
            [
              1.51816,
              44.60209
            ],
            [
              1.51716,
              44.60227
            ],
            [
              1.51693,
              44.60315
            ],
            [
              1.51533,
              44.60348
            ],
            [
              1.51609,
              44.60487
            ],
            [
              1.5155,
              44.60623
            ],
            [
              1.51337,
              44.60612
            ],
            [
              1.51324,
              44.60439
            ],
            [
              1.51205,
              44.60447
            ],
            [
              1.51261,
              44.60354
            ],
            [
              1.51142,
              44.60336
            ],
            [
              1.5117,
              44.60243
            ],
            [
              1.51045,
              44.60269
            ],
            [
              1.51062,
              44.60566
            ],
            [
              1.51198,
              44.60693
            ],
            [
              1.51418,
              44.60741
            ],
            [
              1.511,
              44.60782
            ],
            [
              1.51016,
              44.60983
            ],
            [
              1.51232,
              44.60972
            ],
            [
              1.51256,
              44.61062
            ],
            [
              1.51304,
              44.60986
            ],
            [
              1.51445,
              44.61031
            ],
            [
              1.51548,
              44.6092
            ],
            [
              1.51759,
              44.60952
            ],
            [
              1.51815,
              44.60817
            ],
            [
              1.51899,
              44.608
            ],
            [
              1.51976,
              44.60857
            ],
            [
              1.51886,
              44.60997
            ],
            [
              1.52045,
              44.61054
            ],
            [
              1.52108,
              44.61016
            ],
            [
              1.52218,
              44.61168
            ],
            [
              1.52325,
              44.61144
            ],
            [
              1.52314,
              44.61067
            ],
            [
              1.52394,
              44.61043
            ],
            [
              1.52617,
              44.611
            ],
            [
              1.52604,
              44.6116
            ],
            [
              1.52962,
              44.61179
            ],
            [
              1.52114,
              44.6135
            ],
            [
              1.518,
              44.61293
            ],
            [
              1.51653,
              44.61334
            ],
            [
              1.51601,
              44.61385
            ],
            [
              1.51658,
              44.61413
            ],
            [
              1.51567,
              44.61374
            ],
            [
              1.51262,
              44.61501
            ],
            [
              1.50804,
              44.61342
            ],
            [
              1.50721,
              44.61246
            ],
            [
              1.50787,
              44.61218
            ],
            [
              1.50676,
              44.61167
            ],
            [
              1.50674,
              44.61424
            ],
            [
              1.50447,
              44.61493
            ],
            [
              1.50166,
              44.61482
            ],
            [
              1.50677,
              44.61619
            ],
            [
              1.50651,
              44.61577
            ],
            [
              1.50797,
              44.61551
            ],
            [
              1.50781,
              44.61632
            ],
            [
              1.50858,
              44.61603
            ],
            [
              1.5086,
              44.61744
            ],
            [
              1.51079,
              44.61719
            ],
            [
              1.51196,
              44.6183
            ],
            [
              1.51212,
              44.62054
            ],
            [
              1.51339,
              44.62077
            ],
            [
              1.51394,
              44.62205
            ],
            [
              1.51611,
              44.62338
            ],
            [
              1.51663,
              44.623
            ],
            [
              1.51625,
              44.62227
            ],
            [
              1.51739,
              44.62128
            ],
            [
              1.51682,
              44.62109
            ],
            [
              1.51737,
              44.62022
            ],
            [
              1.52108,
              44.62101
            ],
            [
              1.52143,
              44.62029
            ],
            [
              1.52028,
              44.6192
            ],
            [
              1.52186,
              44.61762
            ],
            [
              1.52425,
              44.61877
            ],
            [
              1.52583,
              44.61834
            ],
            [
              1.52522,
              44.62069
            ],
            [
              1.52298,
              44.62151
            ],
            [
              1.52253,
              44.62327
            ],
            [
              1.52166,
              44.62348
            ],
            [
              1.52332,
              44.62588
            ],
            [
              1.52533,
              44.62553
            ],
            [
              1.52623,
              44.62597
            ],
            [
              1.52664,
              44.6254
            ],
            [
              1.52767,
              44.62595
            ],
            [
              1.5291,
              44.62423
            ],
            [
              1.53107,
              44.62467
            ],
            [
              1.53195,
              44.62421
            ],
            [
              1.53259,
              44.62305
            ],
            [
              1.53192,
              44.62324
            ],
            [
              1.532,
              44.62283
            ],
            [
              1.53266,
              44.62226
            ],
            [
              1.5319,
              44.62195
            ],
            [
              1.53246,
              44.62172
            ],
            [
              1.53185,
              44.62059
            ],
            [
              1.53102,
              44.62059
            ],
            [
              1.53239,
              44.61995
            ],
            [
              1.53111,
              44.61901
            ],
            [
              1.53022,
              44.61927
            ],
            [
              1.5309,
              44.61881
            ],
            [
              1.53195,
              44.61884
            ],
            [
              1.53071,
              44.61797
            ],
            [
              1.53081,
              44.61718
            ],
            [
              1.53184,
              44.61743
            ],
            [
              1.53346,
              44.61621
            ],
            [
              1.53391,
              44.61436
            ],
            [
              1.53472,
              44.61445
            ],
            [
              1.53486,
              44.61563
            ],
            [
              1.53677,
              44.61473
            ],
            [
              1.54048,
              44.61469
            ],
            [
              1.54103,
              44.61582
            ],
            [
              1.5392,
              44.61795
            ],
            [
              1.53864,
              44.6182
            ],
            [
              1.538,
              44.61732
            ],
            [
              1.53756,
              44.61943
            ],
            [
              1.53991,
              44.61897
            ],
            [
              1.53945,
              44.62176
            ],
            [
              1.54134,
              44.62128
            ],
            [
              1.54159,
              44.62032
            ],
            [
              1.54062,
              44.62013
            ],
            [
              1.54068,
              44.61928
            ],
            [
              1.54415,
              44.61889
            ],
            [
              1.54491,
              44.62009
            ],
            [
              1.54414,
              44.62123
            ],
            [
              1.54486,
              44.62139
            ],
            [
              1.54314,
              44.62448
            ],
            [
              1.5417,
              44.62448
            ],
            [
              1.54098,
              44.62592
            ],
            [
              1.53778,
              44.6269
            ],
            [
              1.5362,
              44.62863
            ],
            [
              1.53581,
              44.62816
            ],
            [
              1.52941,
              44.62855
            ],
            [
              1.52648,
              44.62916
            ],
            [
              1.52669,
              44.62976
            ],
            [
              1.52601,
              44.62984
            ],
            [
              1.52586,
              44.62912
            ],
            [
              1.52506,
              44.62926
            ],
            [
              1.52328,
              44.63011
            ],
            [
              1.52325,
              44.63151
            ],
            [
              1.52573,
              44.63267
            ],
            [
              1.52664,
              44.63189
            ],
            [
              1.5263,
              44.6331
            ],
            [
              1.52944,
              44.63325
            ],
            [
              1.52933,
              44.63489
            ],
            [
              1.52872,
              44.63499
            ],
            [
              1.52943,
              44.63677
            ],
            [
              1.53325,
              44.63518
            ],
            [
              1.53292,
              44.63378
            ],
            [
              1.53375,
              44.6338
            ],
            [
              1.53282,
              44.63325
            ],
            [
              1.53323,
              44.63233
            ],
            [
              1.53572,
              44.63269
            ],
            [
              1.53518,
              44.63377
            ],
            [
              1.53562,
              44.63407
            ],
            [
              1.53451,
              44.63494
            ],
            [
              1.53458,
              44.63608
            ],
            [
              1.53631,
              44.63795
            ],
            [
              1.53757,
              44.63694
            ],
            [
              1.53785,
              44.63802
            ],
            [
              1.53904,
              44.63772
            ],
            [
              1.53962,
              44.6365
            ],
            [
              1.54194,
              44.63645
            ],
            [
              1.54182,
              44.63513
            ],
            [
              1.53893,
              44.63183
            ],
            [
              1.54229,
              44.63015
            ],
            [
              1.54219,
              44.63147
            ],
            [
              1.54346,
              44.63377
            ],
            [
              1.54241,
              44.63423
            ],
            [
              1.54249,
              44.63527
            ],
            [
              1.54524,
              44.63576
            ],
            [
              1.5437,
              44.63674
            ],
            [
              1.54429,
              44.63763
            ],
            [
              1.54383,
              44.63825
            ],
            [
              1.54519,
              44.6386
            ],
            [
              1.54691,
              44.63755
            ],
            [
              1.54795,
              44.63847
            ],
            [
              1.55055,
              44.63807
            ],
            [
              1.55147,
              44.63849
            ],
            [
              1.55205,
              44.63728
            ],
            [
              1.54993,
              44.63688
            ],
            [
              1.548,
              44.63534
            ],
            [
              1.5476,
              44.63467
            ],
            [
              1.54807,
              44.63419
            ],
            [
              1.54618,
              44.63199
            ],
            [
              1.54696,
              44.63171
            ],
            [
              1.54578,
              44.62957
            ],
            [
              1.54699,
              44.62744
            ],
            [
              1.54786,
              44.62721
            ],
            [
              1.54681,
              44.62599
            ],
            [
              1.54817,
              44.62477
            ],
            [
              1.54742,
              44.62467
            ],
            [
              1.54773,
              44.62384
            ],
            [
              1.54947,
              44.6229
            ],
            [
              1.5507,
              44.62639
            ],
            [
              1.55056,
              44.62878
            ],
            [
              1.55213,
              44.6288
            ],
            [
              1.5521,
              44.62978
            ],
            [
              1.55061,
              44.62968
            ],
            [
              1.54951,
              44.63189
            ],
            [
              1.55089,
              44.63217
            ],
            [
              1.55207,
              44.63114
            ],
            [
              1.55251,
              44.63125
            ],
            [
              1.55211,
              44.63216
            ],
            [
              1.55443,
              44.63389
            ],
            [
              1.55435,
              44.63629
            ],
            [
              1.55522,
              44.63713
            ],
            [
              1.55587,
              44.63648
            ],
            [
              1.55625,
              44.63686
            ],
            [
              1.5555,
              44.63858
            ],
            [
              1.55643,
              44.63933
            ],
            [
              1.55792,
              44.63765
            ],
            [
              1.55796,
              44.63653
            ],
            [
              1.55729,
              44.63581
            ],
            [
              1.5576,
              44.6347
            ],
            [
              1.56033,
              44.6347
            ],
            [
              1.5586,
              44.6338
            ],
            [
              1.55837,
              44.63271
            ],
            [
              1.55667,
              44.63261
            ],
            [
              1.55662,
              44.63192
            ],
            [
              1.55761,
              44.63157
            ],
            [
              1.55562,
              44.62968
            ],
            [
              1.55664,
              44.6289
            ],
            [
              1.5548,
              44.62823
            ],
            [
              1.55542,
              44.62771
            ],
            [
              1.55454,
              44.62667
            ],
            [
              1.55516,
              44.62648
            ],
            [
              1.55362,
              44.62381
            ],
            [
              1.55559,
              44.62354
            ],
            [
              1.55809,
              44.62511
            ],
            [
              1.55661,
              44.62606
            ],
            [
              1.55673,
              44.62665
            ],
            [
              1.55804,
              44.62557
            ],
            [
              1.55928,
              44.62665
            ],
            [
              1.55738,
              44.62869
            ],
            [
              1.55738,
              44.62941
            ],
            [
              1.55935,
              44.63051
            ],
            [
              1.55894,
              44.63081
            ],
            [
              1.55932,
              44.6312
            ],
            [
              1.56106,
              44.63012
            ],
            [
              1.56287,
              44.63049
            ],
            [
              1.56151,
              44.63287
            ],
            [
              1.56453,
              44.63401
            ],
            [
              1.56352,
              44.63414
            ],
            [
              1.56365,
              44.63456
            ],
            [
              1.56169,
              44.63567
            ],
            [
              1.56294,
              44.6365
            ],
            [
              1.56499,
              44.63534
            ],
            [
              1.56393,
              44.6369
            ],
            [
              1.56524,
              44.63828
            ],
            [
              1.56407,
              44.6387
            ],
            [
              1.56434,
              44.64021
            ],
            [
              1.56338,
              44.64063
            ],
            [
              1.56364,
              44.64124
            ],
            [
              1.56398,
              44.64163
            ],
            [
              1.56627,
              44.641
            ],
            [
              1.56703,
              44.64164
            ],
            [
              1.56857,
              44.64059
            ],
            [
              1.57038,
              44.64052
            ],
            [
              1.56891,
              44.63957
            ],
            [
              1.56936,
              44.63798
            ],
            [
              1.56762,
              44.63639
            ],
            [
              1.56788,
              44.6352
            ],
            [
              1.56952,
              44.63506
            ],
            [
              1.56926,
              44.6356
            ],
            [
              1.57134,
              44.63652
            ],
            [
              1.575,
              44.63572
            ],
            [
              1.57568,
              44.63453
            ],
            [
              1.5742,
              44.63192
            ],
            [
              1.57507,
              44.63124
            ],
            [
              1.57436,
              44.62938
            ],
            [
              1.57492,
              44.6289
            ],
            [
              1.57099,
              44.62832
            ],
            [
              1.56913,
              44.62666
            ],
            [
              1.56597,
              44.62696
            ],
            [
              1.56456,
              44.62543
            ],
            [
              1.56517,
              44.62457
            ],
            [
              1.56394,
              44.62423
            ],
            [
              1.56435,
              44.62336
            ],
            [
              1.56336,
              44.62284
            ],
            [
              1.56387,
              44.62251
            ],
            [
              1.56049,
              44.62214
            ],
            [
              1.55883,
              44.62033
            ],
            [
              1.55873,
              44.61911
            ],
            [
              1.55732,
              44.61973
            ],
            [
              1.55596,
              44.6188
            ],
            [
              1.55623,
              44.61784
            ],
            [
              1.55418,
              44.61745
            ],
            [
              1.55427,
              44.6179
            ],
            [
              1.55274,
              44.6183
            ],
            [
              1.55301,
              44.61703
            ],
            [
              1.55214,
              44.61632
            ],
            [
              1.55104,
              44.61679
            ],
            [
              1.54994,
              44.61536
            ],
            [
              1.54933,
              44.61572
            ],
            [
              1.54675,
              44.61511
            ],
            [
              1.54719,
              44.61291
            ],
            [
              1.5482,
              44.61176
            ],
            [
              1.55048,
              44.61184
            ],
            [
              1.5526,
              44.61046
            ],
            [
              1.55264,
              44.61148
            ],
            [
              1.55339,
              44.61171
            ],
            [
              1.55312,
              44.61399
            ],
            [
              1.55381,
              44.61364
            ],
            [
              1.55431,
              44.61445
            ],
            [
              1.55597,
              44.61438
            ],
            [
              1.55487,
              44.61531
            ],
            [
              1.55495,
              44.61611
            ],
            [
              1.55654,
              44.61546
            ],
            [
              1.55533,
              44.6169
            ],
            [
              1.55626,
              44.61684
            ],
            [
              1.55647,
              44.61762
            ],
            [
              1.55957,
              44.61769
            ],
            [
              1.56095,
              44.6167
            ],
            [
              1.56196,
              44.61773
            ],
            [
              1.5615,
              44.61897
            ],
            [
              1.56556,
              44.62055
            ],
            [
              1.56692,
              44.62164
            ],
            [
              1.5664,
              44.62202
            ],
            [
              1.56692,
              44.62232
            ],
            [
              1.57075,
              44.62231
            ],
            [
              1.57387,
              44.62426
            ],
            [
              1.57363,
              44.62491
            ],
            [
              1.57544,
              44.62668
            ],
            [
              1.57827,
              44.62791
            ],
            [
              1.5793,
              44.62941
            ],
            [
              1.58181,
              44.62869
            ],
            [
              1.58136,
              44.6279
            ],
            [
              1.5856,
              44.6278
            ],
            [
              1.58742,
              44.62504
            ],
            [
              1.58462,
              44.62394
            ],
            [
              1.58451,
              44.62313
            ],
            [
              1.58316,
              44.62362
            ],
            [
              1.58273,
              44.62289
            ],
            [
              1.58248,
              44.62465
            ],
            [
              1.5814,
              44.6251
            ],
            [
              1.58029,
              44.62418
            ],
            [
              1.58168,
              44.62272
            ],
            [
              1.58129,
              44.62227
            ],
            [
              1.57752,
              44.62393
            ],
            [
              1.57646,
              44.6231
            ],
            [
              1.57722,
              44.62277
            ],
            [
              1.57614,
              44.62219
            ],
            [
              1.57636,
              44.62124
            ],
            [
              1.57408,
              44.61999
            ],
            [
              1.57182,
              44.62019
            ],
            [
              1.57242,
              44.6199
            ],
            [
              1.57213,
              44.61955
            ],
            [
              1.57364,
              44.61972
            ],
            [
              1.5729,
              44.61931
            ],
            [
              1.57116,
              44.61952
            ],
            [
              1.56989,
              44.61858
            ],
            [
              1.56959,
              44.619
            ],
            [
              1.56891,
              44.61837
            ],
            [
              1.56931,
              44.61765
            ],
            [
              1.57115,
              44.61838
            ],
            [
              1.57431,
              44.61804
            ],
            [
              1.57523,
              44.61864
            ],
            [
              1.57441,
              44.62001
            ],
            [
              1.57655,
              44.61979
            ],
            [
              1.57696,
              44.61905
            ],
            [
              1.57855,
              44.61911
            ],
            [
              1.57876,
              44.61997
            ],
            [
              1.58029,
              44.61946
            ],
            [
              1.58157,
              44.62084
            ],
            [
              1.58357,
              44.62052
            ],
            [
              1.58342,
              44.62133
            ],
            [
              1.58375,
              44.61971
            ],
            [
              1.58536,
              44.62146
            ],
            [
              1.58728,
              44.62093
            ],
            [
              1.587,
              44.62001
            ],
            [
              1.58592,
              44.61981
            ],
            [
              1.58834,
              44.61953
            ],
            [
              1.58874,
              44.62019
            ],
            [
              1.59108,
              44.62027
            ],
            [
              1.59331,
              44.62238
            ],
            [
              1.59525,
              44.62034
            ],
            [
              1.59397,
              44.61926
            ],
            [
              1.5956,
              44.61914
            ],
            [
              1.59546,
              44.61964
            ],
            [
              1.59636,
              44.61979
            ],
            [
              1.59709,
              44.61896
            ],
            [
              1.5961,
              44.61916
            ],
            [
              1.59618,
              44.61784
            ],
            [
              1.59529,
              44.61825
            ],
            [
              1.59569,
              44.61763
            ],
            [
              1.59505,
              44.61717
            ],
            [
              1.59578,
              44.61675
            ],
            [
              1.59066,
              44.61574
            ],
            [
              1.58858,
              44.61632
            ],
            [
              1.58828,
              44.61497
            ],
            [
              1.59085,
              44.61294
            ],
            [
              1.58938,
              44.61214
            ],
            [
              1.58765,
              44.61284
            ],
            [
              1.58674,
              44.61148
            ],
            [
              1.58617,
              44.61178
            ],
            [
              1.58688,
              44.61318
            ],
            [
              1.58454,
              44.61496
            ],
            [
              1.58236,
              44.61499
            ],
            [
              1.58269,
              44.61371
            ],
            [
              1.58011,
              44.61457
            ],
            [
              1.58006,
              44.61598
            ],
            [
              1.57763,
              44.61539
            ],
            [
              1.57629,
              44.61542
            ],
            [
              1.57579,
              44.61637
            ],
            [
              1.57453,
              44.61606
            ],
            [
              1.57173,
              44.614
            ],
            [
              1.5718,
              44.61342
            ],
            [
              1.57623,
              44.61138
            ],
            [
              1.57724,
              44.61164
            ],
            [
              1.57758,
              44.61305
            ],
            [
              1.57898,
              44.61247
            ],
            [
              1.57928,
              44.61182
            ],
            [
              1.57874,
              44.61136
            ],
            [
              1.5799,
              44.61149
            ],
            [
              1.57863,
              44.6107
            ],
            [
              1.57893,
              44.60906
            ],
            [
              1.5779,
              44.60877
            ],
            [
              1.57748,
              44.60728
            ],
            [
              1.57612,
              44.60692
            ],
            [
              1.57616,
              44.60774
            ],
            [
              1.57502,
              44.60791
            ],
            [
              1.575,
              44.60645
            ],
            [
              1.57385,
              44.60627
            ],
            [
              1.57195,
              44.60773
            ],
            [
              1.56882,
              44.60853
            ],
            [
              1.56853,
              44.60995
            ],
            [
              1.56937,
              44.60998
            ],
            [
              1.56956,
              44.61067
            ],
            [
              1.56678,
              44.61161
            ],
            [
              1.56654,
              44.61239
            ],
            [
              1.56556,
              44.61101
            ],
            [
              1.56125,
              44.61207
            ],
            [
              1.56069,
              44.60982
            ],
            [
              1.56186,
              44.60996
            ],
            [
              1.56348,
              44.60914
            ],
            [
              1.56468,
              44.6077
            ],
            [
              1.56367,
              44.60732
            ],
            [
              1.56438,
              44.60746
            ],
            [
              1.56457,
              44.60657
            ],
            [
              1.56658,
              44.60611
            ],
            [
              1.56392,
              44.60589
            ],
            [
              1.56295,
              44.60297
            ],
            [
              1.55873,
              44.6048
            ],
            [
              1.55775,
              44.60428
            ],
            [
              1.55846,
              44.60261
            ],
            [
              1.55661,
              44.59989
            ],
            [
              1.55728,
              44.60002
            ],
            [
              1.55735,
              44.59938
            ],
            [
              1.55898,
              44.60037
            ],
            [
              1.56259,
              44.60073
            ],
            [
              1.56298,
              44.59949
            ],
            [
              1.56421,
              44.59939
            ],
            [
              1.56387,
              44.60088
            ],
            [
              1.56481,
              44.60083
            ],
            [
              1.56532,
              44.60153
            ],
            [
              1.56703,
              44.60076
            ],
            [
              1.56646,
              44.59992
            ],
            [
              1.56725,
              44.59963
            ],
            [
              1.56887,
              44.60023
            ],
            [
              1.56928,
              44.60102
            ],
            [
              1.57316,
              44.60025
            ],
            [
              1.5728,
              44.60227
            ],
            [
              1.57308,
              44.60298
            ],
            [
              1.57436,
              44.60326
            ],
            [
              1.57429,
              44.60425
            ],
            [
              1.57498,
              44.60328
            ],
            [
              1.57518,
              44.60403
            ],
            [
              1.5762,
              44.60367
            ],
            [
              1.57759,
              44.60222
            ],
            [
              1.57939,
              44.60311
            ],
            [
              1.57893,
              44.60323
            ],
            [
              1.58106,
              44.60341
            ],
            [
              1.58101,
              44.60241
            ],
            [
              1.5825,
              44.60166
            ],
            [
              1.58128,
              44.60165
            ],
            [
              1.58171,
              44.60039
            ],
            [
              1.58081,
              44.59985
            ],
            [
              1.58097,
              44.59899
            ],
            [
              1.57961,
              44.59916
            ],
            [
              1.57855,
              44.59793
            ],
            [
              1.57563,
              44.59835
            ],
            [
              1.57641,
              44.59776
            ],
            [
              1.57519,
              44.59748
            ],
            [
              1.57465,
              44.59566
            ],
            [
              1.57235,
              44.59746
            ],
            [
              1.57047,
              44.59663
            ],
            [
              1.57224,
              44.5954
            ],
            [
              1.57122,
              44.59549
            ],
            [
              1.57079,
              44.59474
            ],
            [
              1.57025,
              44.59542
            ],
            [
              1.56782,
              44.5953
            ],
            [
              1.56669,
              44.59645
            ],
            [
              1.5661,
              44.59557
            ],
            [
              1.56488,
              44.59527
            ],
            [
              1.56186,
              44.59652
            ],
            [
              1.56175,
              44.59546
            ],
            [
              1.56124,
              44.59527
            ],
            [
              1.56098,
              44.59588
            ],
            [
              1.56094,
              44.59506
            ],
            [
              1.55959,
              44.59609
            ],
            [
              1.55811,
              44.59611
            ],
            [
              1.55745,
              44.59597
            ],
            [
              1.5578,
              44.59526
            ],
            [
              1.55696,
              44.59351
            ],
            [
              1.55749,
              44.59181
            ],
            [
              1.55902,
              44.59119
            ],
            [
              1.56325,
              44.59268
            ],
            [
              1.56642,
              44.59231
            ],
            [
              1.56968,
              44.59285
            ],
            [
              1.56993,
              44.59346
            ],
            [
              1.57448,
              44.5949
            ],
            [
              1.57801,
              44.59449
            ],
            [
              1.57814,
              44.59393
            ],
            [
              1.57735,
              44.59356
            ],
            [
              1.57823,
              44.5928
            ],
            [
              1.57678,
              44.59352
            ],
            [
              1.57528,
              44.59318
            ],
            [
              1.57665,
              44.59239
            ],
            [
              1.57444,
              44.5928
            ],
            [
              1.57359,
              44.59215
            ],
            [
              1.57542,
              44.59109
            ],
            [
              1.57583,
              44.58955
            ],
            [
              1.57747,
              44.58942
            ],
            [
              1.57778,
              44.59059
            ],
            [
              1.57822,
              44.59043
            ],
            [
              1.57723,
              44.58806
            ],
            [
              1.57436,
              44.58824
            ],
            [
              1.57438,
              44.58966
            ],
            [
              1.57246,
              44.59056
            ],
            [
              1.56902,
              44.58942
            ],
            [
              1.56823,
              44.58992
            ],
            [
              1.56041,
              44.58858
            ],
            [
              1.56183,
              44.58662
            ],
            [
              1.56259,
              44.58648
            ],
            [
              1.56858,
              44.58824
            ],
            [
              1.57076,
              44.58814
            ],
            [
              1.57369,
              44.58679
            ],
            [
              1.57303,
              44.58571
            ],
            [
              1.57552,
              44.58601
            ],
            [
              1.57611,
              44.58541
            ],
            [
              1.57556,
              44.58446
            ],
            [
              1.57618,
              44.58426
            ],
            [
              1.57409,
              44.58341
            ],
            [
              1.57128,
              44.58439
            ],
            [
              1.57036,
              44.58449
            ],
            [
              1.56999,
              44.58388
            ],
            [
              1.56928,
              44.58483
            ],
            [
              1.56768,
              44.58403
            ],
            [
              1.56649,
              44.5847
            ],
            [
              1.56342,
              44.58361
            ],
            [
              1.56036,
              44.58415
            ],
            [
              1.56013,
              44.58406
            ],
            [
              1.56407,
              44.58252
            ],
            [
              1.56361,
              44.58212
            ],
            [
              1.56408,
              44.58177
            ],
            [
              1.56472,
              44.58228
            ],
            [
              1.56414,
              44.58145
            ],
            [
              1.56209,
              44.58118
            ],
            [
              1.5621,
              44.58046
            ],
            [
              1.56304,
              44.58008
            ],
            [
              1.5665,
              44.58166
            ],
            [
              1.57098,
              44.58092
            ],
            [
              1.5704,
              44.57923
            ],
            [
              1.5695,
              44.57875
            ],
            [
              1.57076,
              44.57801
            ],
            [
              1.57066,
              44.57683
            ],
            [
              1.57244,
              44.57711
            ],
            [
              1.57387,
              44.57573
            ],
            [
              1.57289,
              44.57513
            ],
            [
              1.56569,
              44.57484
            ],
            [
              1.56534,
              44.57439
            ],
            [
              1.56273,
              44.57505
            ],
            [
              1.56163,
              44.57474
            ],
            [
              1.56211,
              44.57385
            ],
            [
              1.56172,
              44.57369
            ],
            [
              1.56312,
              44.57364
            ],
            [
              1.56303,
              44.57275
            ],
            [
              1.56504,
              44.57368
            ],
            [
              1.56877,
              44.57393
            ],
            [
              1.56889,
              44.5729
            ],
            [
              1.57124,
              44.57255
            ],
            [
              1.57118,
              44.5718
            ],
            [
              1.57088,
              44.5709
            ],
            [
              1.56828,
              44.57134
            ],
            [
              1.56816,
              44.56987
            ],
            [
              1.56719,
              44.56865
            ],
            [
              1.56574,
              44.56898
            ],
            [
              1.56571,
              44.56831
            ],
            [
              1.56488,
              44.56813
            ],
            [
              1.56551,
              44.56451
            ],
            [
              1.56472,
              44.56423
            ],
            [
              1.56463,
              44.56256
            ],
            [
              1.56214,
              44.56217
            ],
            [
              1.56227,
              44.56274
            ],
            [
              1.55814,
              44.56399
            ],
            [
              1.55927,
              44.55999
            ],
            [
              1.55758,
              44.55923
            ],
            [
              1.55753,
              44.55847
            ],
            [
              1.56022,
              44.559
            ],
            [
              1.56172,
              44.56001
            ],
            [
              1.56272,
              44.55942
            ],
            [
              1.56354,
              44.56034
            ],
            [
              1.56356,
              44.55929
            ],
            [
              1.56544,
              44.55903
            ],
            [
              1.56458,
              44.55777
            ],
            [
              1.56327,
              44.55787
            ],
            [
              1.56262,
              44.5565
            ],
            [
              1.56244,
              44.55497
            ],
            [
              1.56383,
              44.55499
            ],
            [
              1.56352,
              44.55394
            ],
            [
              1.56452,
              44.55381
            ],
            [
              1.56498,
              44.55509
            ],
            [
              1.56661,
              44.55429
            ],
            [
              1.57123,
              44.55435
            ],
            [
              1.57022,
              44.5522
            ],
            [
              1.57167,
              44.55378
            ],
            [
              1.57312,
              44.55391
            ],
            [
              1.57463,
              44.55237
            ],
            [
              1.57394,
              44.55134
            ],
            [
              1.57568,
              44.55017
            ],
            [
              1.57525,
              44.54984
            ],
            [
              1.57569,
              44.54954
            ],
            [
              1.57883,
              44.55046
            ],
            [
              1.57863,
              44.54967
            ],
            [
              1.57517,
              44.5476
            ],
            [
              1.57896,
              44.54473
            ],
            [
              1.57973,
              44.54228
            ],
            [
              1.57653,
              44.54143
            ],
            [
              1.57287,
              44.54214
            ],
            [
              1.57313,
              44.53974
            ],
            [
              1.57431,
              44.53779
            ],
            [
              1.57268,
              44.53897
            ],
            [
              1.56973,
              44.53861
            ],
            [
              1.57148,
              44.53803
            ],
            [
              1.57252,
              44.53624
            ],
            [
              1.57027,
              44.53662
            ],
            [
              1.56695,
              44.535
            ],
            [
              1.56357,
              44.53501
            ],
            [
              1.5633,
              44.53289
            ],
            [
              1.56055,
              44.53003
            ],
            [
              1.56247,
              44.5302
            ],
            [
              1.56415,
              44.52802
            ],
            [
              1.56678,
              44.52822
            ],
            [
              1.56926,
              44.52756
            ],
            [
              1.57206,
              44.52657
            ],
            [
              1.57339,
              44.52527
            ],
            [
              1.57198,
              44.52478
            ],
            [
              1.56991,
              44.52607
            ],
            [
              1.56823,
              44.52611
            ],
            [
              1.56738,
              44.52528
            ],
            [
              1.56852,
              44.52451
            ],
            [
              1.56651,
              44.52475
            ],
            [
              1.56517,
              44.5235
            ],
            [
              1.54099,
              44.5236
            ]
          ],
          [
            [
              1.52922,
              44.60803
            ],
            [
              1.52823,
              44.60755
            ],
            [
              1.5288,
              44.60681
            ],
            [
              1.52947,
              44.6078
            ],
            [
              1.52922,
              44.60803
            ]
          ]
        ]
      },
      "properties": {
        "name": "Vallées de la Rauze et du Vers et vallons tributaires",
        "kind": "autre",
        "source": "data.geopf.fr WFS (couche patrinat_sic, source INPN), extrait 2026-09-27",
        "description": "[FAIT] Site Natura 2000 (Zone Speciale de Conservation, directive Habitats), code FR7300910 — Vallées de la Rauze et du Vers et vallons tributaires. Designe SIC le 01/12/2004, ZSC le 01/04/2007. Gestionnaire (fiche FSD officielle) : Parc naturel regional des Causses du Quercy, structure porteuse de l'animation depuis 2015 (l'attribut WFS patrinat_sic indique DREAL Occitanie, ecart [A VERIFIER]). Habitats d'interet (FSD) : buxaies, pelouses seches et pelouses de corniche riches en orchidees, prairies de fauche hygroclines a mesohygrophiles (biotope du cuivre des marais Lycaena dispar), parois rocheuses. DANS l'emprise d'etude : environ 1 600 ha (1 600,4 ha mesures). Natura 2000 n'interdit pas la detection de loisir en tant que telle mais impose une evaluation des incidences pour certains projets/amenagements — prudence recommandee dans les prairies humides et les pelouses seches. Source FSD : n2kbackbone.eea.europa.eu, siteCode FR7300910, releaseId 62, extrait 2026-09-27.",
        "ref": "FR7300910"
      },
      "id": "natura2000-02"
    },
    {
      "type": "Feature",
      "geometry": {
        "type": "Polygon",
        "coordinates": [
          [
            [
              1.5681780965305565,
              44.621514897689266
            ],
            [
              1.5681769479723031,
              44.62148840617556
            ],
            [
              1.568172169203174,
              44.621462122628515
            ],
            [
              1.5681638062502687,
              44.621436300172626
            ],
            [
              1.5681519396579884,
              44.62141118749141
            ],
            [
              1.5681366837121702,
              44.62138702643259
            ],
            [
              1.5681181853392987,
              44.621364049678974
            ],
            [
              1.5680966226913875,
              44.62134247850764
            ],
            [
              1.5680722034301824,
              44.62132252065902
            ],
            [
              1.5680451627272025,
              44.621304368336226
            ],
            [
              1.5680157609988854,
              44.62128819635421
            ],
            [
              1.5679842813986418,
              44.62127416045618
            ],
            [
              1.5679510270899835,
              44.62126239581385
            ],
            [
              1.5679163183269849,
              44.62125301572567
            ],
            [
              1.5678804893701779,
              44.62124611052575
            ],
            [
              1.5678438852675818,
              44.62124174671402
            ],
            [
              1.5678068585318803,
              44.62123996631577
            ],
            [
              1.5677697657457128,
              44.62124078647697
            ],
            [
              1.5677329641277857,
              44.621244199299106
            ],
            [
              1.5676968080928562,
              44.62125017191535
            ],
            [
              1.5676616458387083,
              44.621258646806915
            ],
            [
              1.567627815993008,
              44.62126954235714
            ],
            [
              1.5675956443522776,
              44.62128275363729
            ],
            [
              1.5675654407444324,
              44.62129815341712
            ],
            [
              1.5675374960450643,
              44.62131559339013
            ],
            [
              1.5675120793762225,
              44.62133490560166
            ],
            [
              1.5674894355146376,
              44.62135590406644
            ],
            [
              1.5674697825343782,
              44.62137838655957
            ],
            [
              1.567453309706633,
              44.62140213656406
            ],
            [
              1.5674401756768375,
              44.6214269253558
            ],
            [
              1.5674305069367087,
              44.621452514206474
            ],
            [
              1.5674243966059183,
              44.62147865668235
            ],
            [
              1.5674219035351267,
              44.62150510101774
            ],
            [
              1.567423051739034,
              44.621531592539455
            ],
            [
              1.5674278301649114,
              44.62155787611959
            ],
            [
              1.5674361927988485,
              44.62158369863238
            ],
            [
              1.5674480591087026,
              44.6216088113921
            ],
            [
              1.5674633148194899,
              44.621632972548035
            ],
            [
              1.5674818130137582,
              44.62165594941363
            ],
            [
              1.5675033755463572,
              44.62167752070751
            ],
            [
              1.5675277947599728,
              44.62169747868453
            ],
            [
              1.5675548354849143,
              44.62171563113664
            ],
            [
              1.5675842373039002,
              44.62173180324394
            ],
            [
              1.5676157170600364,
              44.62174583925838
            ],
            [
              1.5676489715838187,
              44.6217576040038
            ],
            [
              1.5676836806129073,
              44.62176698417777
            ],
            [
              1.5677195098765428,
              44.62177388944287
            ],
            [
              1.5677561143149161,
              44.62177825329669
            ],
            [
              1.567793141402439,
              44.62178003371229
            ],
            [
              1.567830234542952,
              44.62177921354308
            ],
            [
              1.5678670365041312,
              44.62177580068785
            ],
            [
              1.5679031928580294,
              44.62176982801473
            ],
            [
              1.567938355394603,
              44.62176135304465
            ],
            [
              1.5679721854753346,
              44.62175045739729
            ],
            [
              1.5680043572946678,
              44.62173724600516
            ],
            [
              1.5680345610178257,
              44.62172184610278
            ],
            [
              1.5680625057647828,
              44.62170440600136
            ],
            [
              1.568087922411663,
              44.62168509366051
            ],
            [
              1.568110566182579,
              44.62166409507045
            ],
            [
              1.568130219006946,
              44.621641612460905
            ],
            [
              1.5681466916195668,
              44.62161786235336
            ],
            [
              1.5681598253832731,
              44.62159307347583
            ],
            [
              1.568169493816573,
              44.621567484559996
            ],
            [
              1.5681756038115855,
              44.621541342042015
            ],
            [
              1.5681780965305565,
              44.621514897689266
            ]
          ]
        ]
      },
      "properties": {
        "name": "Château de Nougayrol (Soulomès)",
        "kind": "autre",
        "source": "Inventaire general du patrimoine culturel (POP, notice merimee IA46101576), pop.culture.gouv.fr, consulte 2026-09-27 ; position cadastrale IGN API Carto (parcelle Soulomès 46310 0B 0413)",
        "description": "[FAIT] Repaire de Nogairol mentionne en 1287 (baronnie de Bernard-Hugues de Cardaillac). Vestiges d'un chateau de la 2e moitie du 16e siecle (avec maconneries medievales possibles) : quadrilatere d'environ 50 x 35 m, murs d'enceinte et deux tours rondes en moellons, mauvais etat, envahi par la vegetation. Cadastre 2014 B 413, 414, 415. Propriete privee. Non protege MH. Detection metal a visee historique ou archeologique soumise partout a autorisation prealable, quel que soit le lieu (art. L542-1 code du patrimoine).",
        "ref": "IA46101576"
      },
      "id": "autre-nougayrol"
    },
    {
      "type": "Feature",
      "geometry": {
        "type": "Polygon",
        "coordinates": [
          [
            [
              1.5717591068011456,
              44.63892244257644
            ],
            [
              1.5717585315032083,
              44.63890919674863
            ],
            [
              1.5717561405448734,
              44.63889605496365
            ],
            [
              1.5717519569536138,
              44.6388831437839
            ],
            [
              1.5717460210208476,
              44.63887058755095
            ],
            [
              1.5717383899138724,
              44.63885850718785
            ],
            [
              1.5717291371252644,
              44.63884701903478
            ],
            [
              1.571718351765079,
              44.63883623372853
            ],
            [
              1.5717061377026462,
              44.63882625513705
            ],
            [
              1.571692612566237,
              44.63881717935918
            ],
            [
              1.5716779066102275,
              44.638809093799146
            ],
            [
              1.5716621614606858,
              44.638802076324865
            ],
            [
              1.5716455287514504,
              44.638796194518015
            ],
            [
              1.571628168663826,
              44.63879150502326
            ],
            [
              1.5716102483839898,
              44.63878805300268
            ],
            [
              1.5715919404929255,
              44.63878587170089
            ],
            [
              1.5715734213044241,
              44.63878498212487
            ],
            [
              1.571554869167127,
              44.63878539284165
            ],
            [
              1.5715364627469806,
              44.63878709989583
            ],
            [
              1.5715183793066385,
              44.638790086847685
            ],
            [
              1.571500792998366,
              44.638794324931425
            ],
            [
              1.571483873186909,
              44.638799773332266
            ],
            [
              1.571467782818453,
              44.6388063795795
            ],
            [
              1.5714526768514012,
              44.63881408005174
            ],
            [
              1.5714387007640591,
              44.63882280058965
            ],
            [
              1.5714259891536133,
              44.63883245721019
            ],
            [
              1.5714146644399034,
              44.638842956915276
            ],
            [
              1.571404835686439,
              44.638854198587445
            ],
            [
              1.5713965975500515,
              44.638866073963655
            ],
            [
              1.57139002936927,
              44.63887846867794
            ],
            [
              1.571385194400227,
              44.638891263362744
            ],
            [
              1.5713821392074225,
              44.638904334798475
            ],
            [
              1.571380893215242,
              44.6389175571002
            ],
            [
              1.5713814684245386,
              44.63893080293001
            ],
            [
              1.5713838592970095,
              44.63894394472328
            ],
            [
              1.5713880428084814,
              44.63895685591726
            ],
            [
              1.5713939786706026,
              44.63896941216986
            ],
            [
              1.5714016097187902,
              44.63898149255722
            ],
            [
              1.5714108624627274,
              44.638992980738294
            ],
            [
              1.571421647794075,
              44.63900376607517
            ],
            [
              1.5714338618446115,
              44.63901374469875
            ],
            [
              1.5714473869865229,
              44.63902282050896
            ],
            [
              1.571462092965222,
              44.639030906100324
            ],
            [
              1.5714778381537684,
              44.63903792360371
            ],
            [
              1.571494470916825,
              44.639043805436316
            ],
            [
              1.5715118310710186,
              44.639048494952505
            ],
            [
              1.5715297514276136,
              44.639051946989376
            ],
            [
              1.5715480594026767,
              44.639054128301694
            ],
            [
              1.5715665786791888,
              44.639055017882065
            ],
            [
              1.5715851309051267,
              44.639054607163274
            ],
            [
              1.5716035374111368,
              44.6390529001008
            ],
            [
              1.5716216209312668,
              44.63904991313473
            ],
            [
              1.5716392073101844,
              44.63904567503136
            ],
            [
              1.5716561271804288,
              44.63904022660625
            ],
            [
              1.5716722175935558,
              44.639033620331
            ],
            [
              1.5716873235894455,
              44.63902591982813
            ],
            [
              1.5717012996886839,
              44.639017199258106
            ],
            [
              1.5717140112936272,
              44.639007542605235
            ],
            [
              1.5717253359846477,
              44.638997042868844
            ],
            [
              1.5717351646991076,
              44.63898580116757
            ],
            [
              1.5717434027816737,
              44.63897392576559
            ],
            [
              1.5717499708958862,
              44.63896153102985
            ],
            [
              1.5717548057881703,
              44.638948736328764
            ],
            [
              1.571757860896976,
              44.638935664882524
            ],
            [
              1.5717591068011456,
              44.63892244257644
            ]
          ]
        ]
      },
      "properties": {
        "name": "Tour de Soyris (Cœur de Causse)",
        "kind": "autre",
        "source": "Inventaire general du patrimoine culturel (POP, notice merimee IA46101472), pop.culture.gouv.fr, consulte 2026-09-27 ; position cadastrale IGN API Carto (parcelle Cœur de Causse 46138 0F 0044)",
        "description": "[FAIT] Tour seigneuriale carree (~7,5 m de cote, plus de 30 m de haut), datee du 2e quart du 14e siecle. Famille de Soyris attestee des 1241 (proces pour heresie), enrichie au debut du 14e siecle. Restauree dans les annees 1970. Cadastre 2013 F 44. Propriete privee. Non protegee MH. A 479 m du perimetre d'abords officiel du chateau de Labastide-Murat (hors de ce perimetre). Detection metal a visee historique ou archeologique soumise partout a autorisation prealable, quel que soit le lieu (art. L542-1 code du patrimoine).",
        "ref": "IA46101472"
      },
      "id": "autre-tour-soyris"
    },
    {
      "type": "Feature",
      "geometry": {
        "type": "Polygon",
        "coordinates": [
          [
            [
              1.5146659480763478,
              44.584561693394
            ],
            [
              1.514665573847971,
              44.584552862835444
            ],
            [
              1.5146639902752503,
              44.58454410101237
            ],
            [
              1.514661212609404,
              44.58453549230591
            ],
            [
              1.5146572676013843,
              44.58452711962247
            ],
            [
              1.5146521932442245,
              44.584519063595515
            ],
            [
              1.5146460384071379,
              44.58451140180878
            ],
            [
              1.514638862364853,
              44.5845042080493
            ],
            [
              1.5146307342267669,
              44.5844975515967
            ],
            [
              1.5146217322713669,
              44.584491496556076
            ],
            [
              1.5146119431923717,
              44.584486101240564
            ],
            [
              1.514601461263819,
              44.58448141760979
            ],
            [
              1.5145903874321638,
              44.584477490769494
            ],
            [
              1.5145788283441124,
              44.584474358537165
            ],
            [
              1.51456689531958,
              44.5844720510777
            ],
            [
              1.5145547032796227,
              44.584470590613165
            ],
            [
              1.5145423696397176,
              44.584469991208515
            ],
            [
              1.5145300131789952,
              44.58447025863635
            ],
            [
              1.5145177528963598,
              44.584471390321184
            ],
            [
              1.5145057068644892,
              44.58447337536436
            ],
            [
              1.514493991092744,
              44.58447619464886
            ],
            [
              1.5144827184099592,
              44.584479821023606
            ],
            [
              1.514471997377855,
              44.58448421956476
            ],
            [
              1.5144619312455467,
              44.584489347912154
            ],
            [
              1.5144526169552048,
              44.58449515667719
            ],
            [
              1.5144441442084626,
              44.5845015899185
            ],
            [
              1.5144365946025347,
              44.584508585680666
            ],
            [
              1.5144300408443987,
              44.58451607659084
            ],
            [
              1.5144245460505743,
              44.58452399050769
            ],
            [
              1.5144201631392764,
              44.58453225121601
            ],
            [
              1.5144169343207592,
              44.58454077916081
            ],
            [
              1.5144148906908008,
              44.58454949221342
            ],
            [
              1.5144140519312113,
              44.58455830646244
            ],
            [
              1.5144144261202646,
              44.58456713702188
            ],
            [
              1.5144160096548827,
              44.584575898848605
            ],
            [
              1.5144187872853108,
              44.584584507561374
            ],
            [
              1.5144227322619586,
              44.5845928802535
            ],
            [
              1.5144278065929981,
              44.58460093629125
            ],
            [
              1.5144339614102202,
              44.58460859809042
            ],
            [
              1.5144411374396594,
              44.5846157918635
            ],
            [
              1.5144492655724118,
              44.58462244833035
            ],
            [
              1.5144582675301956,
              44.58462850338535
            ],
            [
              1.5144680566192008,
              44.5846338987148
            ],
            [
              1.5144785385650044,
              44.58463858235852
            ],
            [
              1.5144896124204887,
              44.58464250921027
            ],
            [
              1.5145011715380314,
              44.584645641452155
            ],
            [
              1.514513104596585,
              44.58464794891887
            ],
            [
              1.5145252966737848,
              44.584649409388106
            ],
            [
              1.514537630352723,
              44.584650008794696
            ],
            [
              1.5145499868527685,
              44.584649741366
            ],
            [
              1.5145622471735067,
              44.58464860967749
            ],
            [
              1.5145742932407948,
              44.58464662462804
            ],
            [
              1.5145860090439123,
              44.58464380533482
            ],
            [
              1.5145972817528173,
              44.58464017894929
            ],
            [
              1.514608002804786,
              44.58463578039571
            ],
            [
              1.5146180689499404,
              44.584630652034704
            ],
            [
              1.5146273832456154,
              44.5846248432554
            ],
            [
              1.5146358559899737,
              44.58461840999972
            ],
            [
              1.5146434055858917,
              44.584611414223644
            ],
            [
              1.5146499593267773,
              44.5846039233005
            ],
            [
              1.514655454096772,
              44.584596009372206
            ],
            [
              1.5146598369785784,
              44.58458774865434
            ],
            [
              1.514663065763075,
              44.58457922070228
            ],
            [
              1.5146651093557912,
              44.584570507644976
            ],
            [
              1.5146659480763478,
              44.584561693394
            ]
          ]
        ]
      },
      "properties": {
        "name": "Pierre Plantée (Peyro Lebado, Nadillac)",
        "kind": "autre",
        "source": "Wikipedia « Nadillac » (coord. 44°34'44\"N 1°30'46\"E = 1.51278,44.57889) et Megalithic Portal (releve GPS, https://www.megalithic.co.uk/article.php?sid=6342356, coord. 44.58456N 1.51454E) — deux sources verifiees independamment, consultees 2026-09-27",
        "description": "[FAIT] Menhir d'environ 1,45 m de haut, en bordure de la D22 pres de l'A20, renverse lors des travaux de l'autoroute A20 puis redresse (donc deplace de sa position d'origine). [A VERIFIER] Position : les deux sources disponibles divergent d'environ 650 m (Wikipedia : 1.51278,44.57889 ; Megalithic Portal, releve GPS sur site : 1.51454,44.58456, retenu ici comme plus fiable car mesure sur le terrain). Non protege MH. Hors emprise d'etude (a ~0,84 km au sud). Detection metal a visee historique ou archeologique soumise partout a autorisation prealable, quel que soit le lieu (art. L542-1 code du patrimoine)."
      },
      "id": "autre-pierre-plantee"
    },
    {
      "type": "Feature",
      "geometry": {
        "type": "Polygon",
        "coordinates": [
          [
            [
              1.5956663459884077,
              44.63256960870567
            ],
            [
              1.595664022592254,
              44.63251662602487
            ],
            [
              1.595654437563053,
              44.632464061084555
            ],
            [
              1.5956376832296468,
              44.632412420111926
            ],
            [
              1.5956139209638012,
              44.63236220043448
            ],
            [
              1.5955833796253875,
              44.632313885690664
            ],
            [
              1.5955463533577232,
              44.63226794117228
            ],
            [
              1.595503198754285,
              44.632224809343654
            ],
            [
              1.5954543314241254,
              44.632184905580864
            ],
            [
              1.595400221989075,
              44.632148614171534
            ],
            [
              1.5953413915512933,
              44.632116284614355
            ],
            [
              1.5952784066748171,
              44.6320882282534
            ],
            [
              1.5952118739294423,
              44.63206471528005
            ],
            [
              1.5951424340494735,
              44.632045972131195
            ],
            [
              1.5950707557635693,
              44.63203217930863
            ],
            [
              1.594997529355123,
              44.63202346964104
            ],
            [
              1.5949234600151236,
              44.63201992700487
            ],
            [
              1.5948492610515337,
              44.63202158551664
            ],
            [
              1.5947756470205183,
              44.63202842920445
            ],
            [
              1.594703326845662,
              44.63204039216175
            ],
            [
              1.594632996991413,
              44.632057359182
            ],
            [
              1.594565334756445,
              44.63207916686805
            ],
            [
              1.59450099175154,
              44.632105605205574
            ],
            [
              1.5944405876247285,
              44.63213641958536
            ],
            [
              1.5943847040941408,
              44.63217131325515
            ],
            [
              1.5943338793459978,
              44.63220995017724
            ],
            [
              1.5942886028516854,
              44.632251958264376
            ],
            [
              1.5942493106538336,
              44.63229693296293
            ],
            [
              1.59421638116678,
              44.63234444114871
            ],
            [
              1.5941901315318945,
              44.632394025297806
            ],
            [
              1.5941708145628484,
              44.632445207892715
            ],
            [
              1.5941586163103036,
              44.63249749602081
            ],
            [
              1.5941536542694486,
              44.63255038612127
            ],
            [
              1.594155976247725,
              44.63260336883448
            ],
            [
              1.5941655599036282,
              44.63265593390751
            ],
            [
              1.5941823129610904,
              44.63270757510804
            ],
            [
              1.5942060740973796,
              44.63275779509983
            ],
            [
              1.5942366144960327,
              44.63280611023234
            ],
            [
              1.594273640049847,
              44.63285205519886
            ],
            [
              1.5943167941927787,
              44.63289518751776
            ],
            [
              1.5943656613334718,
              44.63293509179424
            ],
            [
              1.5944197708573777,
              44.632971383720836
            ],
            [
              1.5944786016589216,
              44.63300371377905
            ],
            [
              1.5945415871600872,
              44.633031770605506
            ],
            [
              1.5946081207670728,
              44.63305528399093
            ],
            [
              1.594677561712462,
              44.633074027482664
            ],
            [
              1.5947492412266535,
              44.63308782056566
            ],
            [
              1.5948224689790507,
              44.63309653040126
            ],
            [
              1.594896539727018,
              44.63310007310654
            ],
            [
              1.5949707401084854,
              44.63309841456237
            ],
            [
              1.595044355512798,
              44.63309157074183
            ],
            [
              1.595116676963599,
              44.633079607556645
            ],
            [
              1.5951870079474044,
              44.63306264022204
            ],
            [
              1.5952546711221327,
              44.63304083214729
            ],
            [
              1.5953190148408876,
              44.633014393361655
            ],
            [
              1.5953794194282054,
              44.63298357849155
            ],
            [
              1.595435303148259,
              44.6329486843081
            ],
            [
              1.5954861278075472,
              44.63291004686872
            ],
            [
              1.5955314039380974,
              44.63286803828057
            ],
            [
              1.5955706955112599,
              44.632823063116504
            ],
            [
              1.5956036241367026,
              44.63277555451863
            ],
            [
              1.5956298727061675,
              44.63272597002668
            ],
            [
              1.5956491884469264,
              44.63267478717133
            ],
            [
              1.5956613853555208,
              44.63262249887524
            ],
            [
              1.5956663459884077,
              44.63256960870567
            ]
          ]
        ]
      },
      "properties": {
        "name": "Nécropole du IXe siècle (Soulomès)",
        "kind": "autre",
        "source": "Wikipedia « Soulomès », section Histoire, consulte 2026-09-27 ; position approximative = centre du village / église Sainte-Madeleine",
        "description": "[FAIT] En 1995, des travaux d'electrification du village de Soulomès ont mis au jour une necropole du 9e siecle regroupant une vingtaine de sarcophages (un sarcophage double est expose dans l'eglise). [A VERIFIER] Extension exacte du site : non publiee, position ici approximee au centre du village (autour de l'eglise). Deja couvert par le perimetre d'abords de l'eglise/presbytere (perimetre-09), cette entree ajoute le statut archeologique specifique que ce perimetre ne mentionne pas. Hors emprise d'etude (dans l'environnement large). Detection metal a visee historique ou archeologique soumise partout a autorisation prealable, quel que soit le lieu (art. L542-1 code du patrimoine)."
      },
      "id": "autre-necropole-soulomes"
    },
    {
      "type": "Feature",
      "geometry": {
        "type": "Polygon",
        "coordinates": [
          [
            [
              1.5076116086068536,
              44.6152808566426
            ],
            [
              1.507608117276081,
              44.6148389948691
            ],
            [
              1.5075742764153643,
              44.61439778777134
            ],
            [
              1.5075101682588723,
              44.61395829822744
            ],
            [
              1.5074159479462785,
              44.61352158495259
            ],
            [
              1.5072918431422915,
              44.613088699949024
            ],
            [
              1.5071381534816495,
              44.61266068597234
            ],
            [
              1.5069552498409682,
              44.61223857402049
            ],
            [
              1.5067435734392443,
              44.61182338085117
            ],
            [
              1.5065036347692695,
              44.61141610653376
            ],
            [
              1.5062360123625411,
              44.611017732041724
            ],
            [
              1.505941351390752,
              44.61062921689117
            ],
            [
              1.505620362107211,
              44.61025149683113
            ],
            [
              1.5052738181320422,
              44.609885481591526
            ],
            [
              1.5049025545852976,
              44.60953205269363
            ],
            [
              1.504507466072539,
              44.60919206132877
            ],
            [
              1.5040895045277283,
              44.608866326310235
            ],
            [
              1.5036496769186858,
              44.608555632102956
            ],
            [
              1.5031890428206147,
              44.60826072693635
            ],
            [
              1.5027087118635787,
              44.60798232100417
            ],
            [
              1.5022098410600544,
              44.607721084756065
            ],
            [
              1.5016936320190004,
              44.60747764728493
            ],
            [
              1.5011613280531535,
              44.6072525948137
            ],
            [
              1.5006142111864607,
              44.60704646928539
            ],
            [
              1.5000535990688868,
              44.606859767059746
            ],
            [
              1.4994808418059555,
              44.606692937719515
            ],
            [
              1.498897318710629,
              44.60654638298923
            ],
            [
              1.4983044349853356,
              44.606420455769275
            ],
            [
              1.497703618342067,
              44.6063154592872
            ],
            [
              1.4970963155686274,
              44.606231646368634
            ],
            [
              1.4964839890492942,
              44.606169218829315
            ],
            [
              1.4958681132481653,
              44.606128326989854
            ],
            [
              1.495250171163631,
              44.60610906931434
            ],
            [
              1.4946316507624433,
              44.60611149217356
            ],
            [
              1.4940140414019056,
              44.60613558973345
            ],
            [
              1.4933988302487406,
              44.60618130396925
            ],
            [
              1.4927874987031913,
              44.60624852480487
            ],
            [
              1.4921815188369112,
              44.60633709037773
            ],
            [
              1.4915823498531537,
              44.606446787427736
            ],
            [
              1.490991434577739,
              44.606577351810245
            ],
            [
              1.490410195989166,
              44.606728469131106
            ],
            [
              1.4898400337961961,
              44.606899775502725
            ],
            [
              1.489282321071094,
              44.607090858418964
            ],
            [
              1.4887384009465687,
              44.60730125774729
            ],
            [
              1.4882095833843412,
              44.60753046683514
            ],
            [
              1.4876971420230962,
              44.60777793372855
            ],
            [
              1.4872023111133303,
              44.60804306249951
            ],
            [
              1.4867262825465015,
              44.6083252146794
            ],
            [
              1.4862702029855808,
              44.60862371079461
            ],
            [
              1.485835171103904,
              44.60893783200104
            ],
            [
              1.4854222349389812,
              44.60926682181337
            ],
            [
              1.4850323893676043,
              44.60960988792498
            ],
            [
              1.4846665737083682,
              44.60996620411416
            ],
            [
              1.4843256694573503,
              44.610334912232204
            ],
            [
              1.484010498162463,
              44.61071512426823
            ],
            [
              1.4837218194415758,
              44.6111059244863
            ],
            [
              1.483460329149236,
              44.611506371629225
            ],
            [
              1.48322665769642,
              44.61191550118411
            ],
            [
              1.4830213685274185,
              44.61233232770404
            ],
            [
              1.4828449567575401,
              44.6127558471803
            ],
            [
              1.4826978479749942,
              44.613185039459644
            ],
            [
              1.4825803972098603,
              44.613618870700414
            ],
            [
              1.4824928880727077,
              44.6140562958622
            ],
            [
              1.4824355320649867,
              44.61449626122227
            ],
            [
              1.482408468062908,
              44.61493770691361
            ],
            [
              1.4824117619761406,
              44.61537956947759
            ],
            [
              1.4824454065821833,
              44.615820784425786
            ],
            [
              1.4825093215369085,
              44.61626028880443
            ],
            [
              1.482603353561281,
              44.61669702375552
            ],
            [
              1.4827272768039101,
              44.61712993706805
            ],
            [
              1.4828807933785926,
              44.61755798571378
            ],
            [
              1.4830635340756253,
              44.61798013836089
            ],
            [
              1.483275059245248,
              44.61839537785977
            ],
            [
              1.483514859851117,
              44.618802703694826
            ],
            [
              1.4837823586913668,
              44.6192011343965
            ],
            [
              1.4840769117843182,
              44.61958970990732
            ],
            [
              1.4843978099155943,
              44.61996749389697
            ],
            [
              1.4847442803429178,
              44.62033357601984
            ],
            [
              1.485115488654542,
              44.62068707411055
            ],
            [
              1.4855105407768499,
              44.621027136311376
            ],
            [
              1.4859284851263392,
              44.62135294312689
            ],
            [
              1.4863683149007911,
              44.62166370940064
            ],
            [
              1.486828970504148,
              44.621958686209254
            ],
            [
              1.487309342099238,
              44.622237162668995
            ],
            [
              1.4878082722822195,
              44.62249846765096
            ],
            [
              1.488324558872275,
              44.62274197140036
            ],
            [
              1.4888569578098312,
              44.622967087055954
            ],
            [
              1.4894041861563103,
              44.623173272066204
            ],
            [
              1.4899649251881357,
              44.62336002949852
            ],
            [
              1.4905378235775322,
              44.62352690923853
            ],
            [
              1.4911215006524097,
              44.62367350907625
            ],
            [
              1.4917145497274347,
              44.623799475676954
            ],
            [
              1.4923155414982074,
              44.623904505433806
            ],
            [
              1.492923027490348,
              44.62398834520073
            ],
            [
              1.4935355435550839,
              44.624050792903425
            ],
            [
              1.4941516134028918,
              44.624091698027065
            ],
            [
              1.4947697521666046,
              44.62411096197965
            ],
            [
              1.4953884699853428,
              44.62410853832998
            ],
            [
              1.4960062756005639,
              44.62408443291965
            ],
            [
              1.4966216799555052,
              44.624038703849095
            ],
            [
              1.4972331997892845,
              44.62397146133722
            ],
            [
              1.4978393612169292,
              44.623882867455414
            ],
            [
              1.4984387032866515,
              44.62377313573636
            ],
            [
              1.4990297815057185,
              44.623642530658586
            ],
            [
              1.4996111713263942,
              44.62349136700818
            ],
            [
              1.50018147158347,
              44.623320009118906
            ],
            [
              1.5007393078750482,
              44.62312886999303
            ],
            [
              1.501283335878407,
              44.62291841030443
            ],
            [
              1.5018122445928939,
              44.62268913728697
            ],
            [
              1.5023247595019769,
              44.622441603510296
            ],
            [
              1.5028196456468548,
              44.622176405546526
            ],
            [
              1.503295710604125,
              44.621894182530646
            ],
            [
              1.5037518073603569,
              44.6215956146185
            ],
            [
              1.5041868370766145,
              44.62128142134555
            ],
            [
              1.5045997517362422,
              44.62095235989123
            ],
            [
              1.5049895566695555,
              44.620609223252075
            ],
            [
              1.5053553129493267,
              44.62025283832901
            ],
            [
              1.505696139651335,
              44.61988406393271
            ],
            [
              1.5060112159745078,
              44.61950378871233
            ],
            [
              1.5062997832156062,
              44.6191129290123
            ],
            [
              1.5065611465936912,
              44.61871242666272
            ],
            [
              1.5067946769200438,
              44.61830324670806
            ],
            [
              1.5069998121094954,
              44.61788637508067
            ],
            [
              1.507176058529646,
              44.61746281622367
            ],
            [
              1.5073229921846945,
              44.617033590669564
            ],
            [
              1.5074402597311338,
              44.61659973258043
            ],
            [
              1.5075275793228924,
              44.61616228725529
            ],
            [
              1.5075847412839438,
              44.61572230861101
            ],
            [
              1.5076116086068536,
              44.6152808566426
            ]
          ]
        ]
      },
      "properties": {
        "name": "Motte castrale « la Mothe-Cassel » (Lamothe-Cassel)",
        "kind": "autre",
        "source": "Wikipedia « Lamothe-Cassel », section Histoire (citant N. Mengus, « Châteaux forts au Moyen Âge », Ouest-France 2021, p. 54), consulte 2026-09-27. Position : [HYPOTHESE NON VERIFIEE INDEPENDAMMENT] — candidat propose par le rapport de correction source (toponyme BD TOPO « bourg de Lamothe / les Moulins de Lamothe », non retrouve par cette collecte dans la couche WFS zone_d_activite_ou_d_interet consultee), a verifier avant tout usage.",
        "description": "[FAIT] Existence d'une motte castrale, « la Mothe-Cassel », attestee sur le territoire paroissial, erigee aux abords d'un chemin de pelerinage (source : ouvrage cite ci-dessus). [HYPOTHESE] Localisation non publiee et non confirmee independamment par cette collecte : rayon d'incertitude de 1 km trace ici a titre indicatif autour d'un candidat (bourg actuel de Lamothe / les Moulins de Lamothe). Chercher une levee de terre sur les rendus LiDAR (SVF/LRM) ou demander confirmation au Service regional de l'archeologie d'Occitanie avant d'utiliser cette position pour du terrain. Detection metal a visee historique ou archeologique soumise partout a autorisation prealable, quel que soit le lieu (art. L542-1 code du patrimoine)."
      },
      "id": "autre-motte-lamothe"
    }
  ]
}